key	country_cs	continent	year	appearances	cumulative
Afghanistan	Afghánistán	Asie	2004	1	1
Afghanistan	Afghánistán	Asie	2016	2	3
Albania	Albánie	Evropa	1997	1	1
Albania	Albánie	Evropa	2001	1	2
Albania	Albánie	Evropa	2003	1	3
Albania	Albánie	Evropa	2006	1	4
Albania	Albánie	Evropa	2008	2	6
Albania	Albánie	Evropa	2009	1	7
Albania	Albánie	Evropa	2010	2	9
Albania	Albánie	Evropa	2014	1	10
Albania	Albánie	Evropa	2015	2	12
Albania	Albánie	Evropa	2019	1	13
Albania	Albánie	Evropa	2021	1	14
Albania	Albánie	Evropa	2026	1	15
Algeria	Algeria	Afrika	2004	1	1
Algeria	Algeria	Afrika	2019	2	3
Angola	Angola	Afrika	2005	1	1
Argentina	Argentina	Amerika (Jižní)	1995	2	2
Argentina	Argentina	Amerika (Jižní)	1998	4	6
Argentina	Argentina	Amerika (Jižní)	1999	1	7
Argentina	Argentina	Amerika (Jižní)	2001	6	13
Argentina	Argentina	Amerika (Jižní)	2002	6	19
Argentina	Argentina	Amerika (Jižní)	2003	5	24
Argentina	Argentina	Amerika (Jižní)	2004	5	29
Argentina	Argentina	Amerika (Jižní)	2005	6	35
Argentina	Argentina	Amerika (Jižní)	2006	7	42
Argentina	Argentina	Amerika (Jižní)	2007	7	49
Argentina	Argentina	Amerika (Jižní)	2008	4	53
Argentina	Argentina	Amerika (Jižní)	2009	6	59
Argentina	Argentina	Amerika (Jižní)	2010	2	61
Argentina	Argentina	Amerika (Jižní)	2011	2	63
Argentina	Argentina	Amerika (Jižní)	2013	2	65
Argentina	Argentina	Amerika (Jižní)	2014	5	70
Argentina	Argentina	Amerika (Jižní)	2015	2	72
Argentina	Argentina	Amerika (Jižní)	2016	2	74
Argentina	Argentina	Amerika (Jižní)	2017	1	75
Argentina	Argentina	Amerika (Jižní)	2018	5	80
Argentina	Argentina	Amerika (Jižní)	2019	5	85
Argentina	Argentina	Amerika (Jižní)	2021	3	88
Argentina	Argentina	Amerika (Jižní)	2022	4	92
Argentina	Argentina	Amerika (Jižní)	2023	3	95
Argentina	Argentina	Amerika (Jižní)	2024	3	98
Argentina	Argentina	Amerika (Jižní)	2025	1	99
Argentina	Argentina	Amerika (Jižní)	2026	6	105
Armenia	Arménie	Asie	2003	1	1
Armenia	Arménie	Asie	2006	1	2
Armenia	Arménie	Asie	2007	1	3
Armenia	Arménie	Asie	2009	1	4
Armenia	Arménie	Asie	2010	1	5
Armenia	Arménie	Asie	2011	1	6
Armenia	Arménie	Asie	2013	2	8
Armenia	Arménie	Asie	2025	1	9
Australia	Austrálie	Austrálie	1992	1	1
Australia	Austrálie	Austrálie	1994	1	2
Australia	Austrálie	Austrálie	1995	1	3
Australia	Austrálie	Austrálie	1996	1	4
Australia	Austrálie	Austrálie	1997	23	27
Australia	Austrálie	Austrálie	1998	3	30
Australia	Austrálie	Austrálie	2000	2	32
Australia	Austrálie	Austrálie	2001	2	34
Australia	Austrálie	Austrálie	2002	4	38
Australia	Austrálie	Austrálie	2003	5	43
Australia	Austrálie	Austrálie	2004	2	45
Australia	Austrálie	Austrálie	2005	2	47
Australia	Austrálie	Austrálie	2006	4	51
Australia	Austrálie	Austrálie	2007	2	53
Australia	Austrálie	Austrálie	2008	1	54
Australia	Austrálie	Austrálie	2009	3	57
Australia	Austrálie	Austrálie	2010	10	67
Australia	Austrálie	Austrálie	2011	1	68
Australia	Austrálie	Austrálie	2012	3	71
Australia	Austrálie	Austrálie	2013	1	72
Australia	Austrálie	Austrálie	2014	4	76
Australia	Austrálie	Austrálie	2015	3	79
Australia	Austrálie	Austrálie	2017	1	80
Australia	Austrálie	Austrálie	2018	3	83
Australia	Austrálie	Austrálie	2019	1	84
Australia	Austrálie	Austrálie	2021	1	85
Australia	Austrálie	Austrálie	2022	5	90
Australia	Austrálie	Austrálie	2023	2	92
Australia	Austrálie	Austrálie	2024	1	93
Australia	Austrálie	Austrálie	2025	3	96
Australia	Austrálie	Austrálie	2026	1	97
Austria	Rakousko	Evropa	1992	1	1
Austria	Rakousko	Evropa	1994	1	2
Austria	Rakousko	Evropa	1995	3	5
Austria	Rakousko	Evropa	1996	5	10
Austria	Rakousko	Evropa	1997	3	13
Austria	Rakousko	Evropa	1998	5	18
Austria	Rakousko	Evropa	1999	4	22
Austria	Rakousko	Evropa	2000	6	28
Austria	Rakousko	Evropa	2001	7	35
Austria	Rakousko	Evropa	2002	8	43
Austria	Rakousko	Evropa	2003	11	54
Austria	Rakousko	Evropa	2004	9	63
Austria	Rakousko	Evropa	2005	9	72
Austria	Rakousko	Evropa	2006	6	78
Austria	Rakousko	Evropa	2007	7	85
Austria	Rakousko	Evropa	2008	5	90
Austria	Rakousko	Evropa	2009	8	98
Austria	Rakousko	Evropa	2010	4	102
Austria	Rakousko	Evropa	2011	5	107
Austria	Rakousko	Evropa	2012	7	114
Austria	Rakousko	Evropa	2013	8	122
Austria	Rakousko	Evropa	2014	8	130
Austria	Rakousko	Evropa	2015	9	139
Austria	Rakousko	Evropa	2016	8	147
Austria	Rakousko	Evropa	2017	8	155
Austria	Rakousko	Evropa	2018	8	163
Austria	Rakousko	Evropa	2019	6	169
Austria	Rakousko	Evropa	2021	2	171
Austria	Rakousko	Evropa	2022	8	179
Austria	Rakousko	Evropa	2023	2	181
Austria	Rakousko	Evropa	2024	8	189
Austria	Rakousko	Evropa	2025	3	192
Austria	Rakousko	Evropa	2026	8	200
Azerbaijan	Ázerbájdžán	Asie	2000	1	1
Azerbaijan	Ázerbájdžán	Asie	2006	1	2
Azerbaijan	Ázerbájdžán	Asie	2009	1	3
Azerbaijan	Ázerbájdžán	Asie	2010	1	4
Azerbaijan	Ázerbájdžán	Asie	2011	1	5
Azerbaijan	Ázerbájdžán	Asie	2014	1	6
Azerbaijan	Ázerbájdžán	Asie	2017	1	7
Bangladesh	Bangladéš	Asie	2025	1	1
Belarus	Bělorusko	Evropa	1997	2	2
Belarus	Bělorusko	Evropa	2000	1	3
Belarus	Bělorusko	Evropa	2002	1	4
Belarus	Bělorusko	Evropa	2003	1	5
Belarus	Bělorusko	Evropa	2004	1	6
Belarus	Bělorusko	Evropa	2005	2	8
Belarus	Bělorusko	Evropa	2006	1	9
Belarus	Bělorusko	Evropa	2012	1	10
Belarus	Bělorusko	Evropa	2018	1	11
Belgium	Belgie	Evropa	1992	2	2
Belgium	Belgie	Evropa	1995	2	4
Belgium	Belgie	Evropa	1996	1	5
Belgium	Belgie	Evropa	1997	3	8
Belgium	Belgie	Evropa	1998	2	10
Belgium	Belgie	Evropa	1999	24	34
Belgium	Belgie	Evropa	2000	6	40
Belgium	Belgie	Evropa	2001	6	46
Belgium	Belgie	Evropa	2002	2	48
Belgium	Belgie	Evropa	2003	3	51
Belgium	Belgie	Evropa	2004	5	56
Belgium	Belgie	Evropa	2005	10	66
Belgium	Belgie	Evropa	2006	3	69
Belgium	Belgie	Evropa	2007	6	75
Belgium	Belgie	Evropa	2008	10	85
Belgium	Belgie	Evropa	2009	8	93
Belgium	Belgie	Evropa	2010	10	103
Belgium	Belgie	Evropa	2011	5	108
Belgium	Belgie	Evropa	2012	6	114
Belgium	Belgie	Evropa	2013	12	126
Belgium	Belgie	Evropa	2014	5	131
Belgium	Belgie	Evropa	2015	7	138
Belgium	Belgie	Evropa	2016	12	150
Belgium	Belgie	Evropa	2017	5	155
Belgium	Belgie	Evropa	2018	10	165
Belgium	Belgie	Evropa	2019	7	172
Belgium	Belgie	Evropa	2021	7	179
Belgium	Belgie	Evropa	2022	10	189
Belgium	Belgie	Evropa	2023	7	196
Belgium	Belgie	Evropa	2024	6	202
Belgium	Belgie	Evropa	2025	10	212
Belgium	Belgie	Evropa	2026	14	226
Bhutan	Bhútán	Asie	2000	1	1
Bhutan	Bhútán	Asie	2004	1	2
Bolivia	Bolívie	Amerika (Jižní)	2022	2	2
Bolivia	Bolívie	Amerika (Jižní)	2025	1	3
Bosnia and Herzegovina	Bosna a Hercegovina	Evropa	2000	12	12
Bosnia and Herzegovina	Bosna a Hercegovina	Evropa	2003	1	13
Bosnia and Herzegovina	Bosna a Hercegovina	Evropa	2004	2	15
Bosnia and Herzegovina	Bosna a Hercegovina	Evropa	2005	1	16
Bosnia and Herzegovina	Bosna a Hercegovina	Evropa	2006	2	18
Bosnia and Herzegovina	Bosna a Hercegovina	Evropa	2007	1	19
Bosnia and Herzegovina	Bosna a Hercegovina	Evropa	2008	1	20
Bosnia and Herzegovina	Bosna a Hercegovina	Evropa	2009	1	21
Bosnia and Herzegovina	Bosna a Hercegovina	Evropa	2010	2	23
Bosnia and Herzegovina	Bosna a Hercegovina	Evropa	2011	2	25
Bosnia and Herzegovina	Bosna a Hercegovina	Evropa	2013	2	27
Bosnia and Herzegovina	Bosna a Hercegovina	Evropa	2016	2	29
Bosnia and Herzegovina	Bosna a Hercegovina	Evropa	2017	1	30
Bosnia and Herzegovina	Bosna a Hercegovina	Evropa	2018	2	32
Bosnia and Herzegovina	Bosna a Hercegovina	Evropa	2019	3	35
Bosnia and Herzegovina	Bosna a Hercegovina	Evropa	2021	2	37
Bosnia and Herzegovina	Bosna a Hercegovina	Evropa	2023	1	38
Bosnia and Herzegovina	Bosna a Hercegovina	Evropa	2025	1	39
Brazil	Brazílie	Amerika (Jižní)	1995	1	1
Brazil	Brazílie	Amerika (Jižní)	1998	1	2
Brazil	Brazílie	Amerika (Jižní)	1999	1	3
Brazil	Brazílie	Amerika (Jižní)	2000	2	5
Brazil	Brazílie	Amerika (Jižní)	2001	4	9
Brazil	Brazílie	Amerika (Jižní)	2002	18	27
Brazil	Brazílie	Amerika (Jižní)	2003	3	30
Brazil	Brazílie	Amerika (Jižní)	2005	2	32
Brazil	Brazílie	Amerika (Jižní)	2006	6	38
Brazil	Brazílie	Amerika (Jižní)	2007	1	39
Brazil	Brazílie	Amerika (Jižní)	2008	2	41
Brazil	Brazílie	Amerika (Jižní)	2010	1	42
Brazil	Brazílie	Amerika (Jižní)	2011	1	43
Brazil	Brazílie	Amerika (Jižní)	2012	2	45
Brazil	Brazílie	Amerika (Jižní)	2015	3	48
Brazil	Brazílie	Amerika (Jižní)	2016	2	50
Brazil	Brazílie	Amerika (Jižní)	2017	2	52
Brazil	Brazílie	Amerika (Jižní)	2018	6	58
Brazil	Brazílie	Amerika (Jižní)	2019	4	62
Brazil	Brazílie	Amerika (Jižní)	2021	3	65
Brazil	Brazílie	Amerika (Jižní)	2022	2	67
Brazil	Brazílie	Amerika (Jižní)	2023	3	70
Brazil	Brazílie	Amerika (Jižní)	2024	1	71
Brazil	Brazílie	Amerika (Jižní)	2025	3	74
Brazil	Brazílie	Amerika (Jižní)	2026	4	78
Bulgaria	Bulharsko	Evropa	1994	1	1
Bulgaria	Bulharsko	Evropa	1996	1	2
Bulgaria	Bulharsko	Evropa	1997	1	3
Bulgaria	Bulharsko	Evropa	1998	1	4
Bulgaria	Bulharsko	Evropa	2000	1	5
Bulgaria	Bulharsko	Evropa	2001	1	6
Bulgaria	Bulharsko	Evropa	2002	2	8
Bulgaria	Bulharsko	Evropa	2003	2	10
Bulgaria	Bulharsko	Evropa	2004	1	11
Bulgaria	Bulharsko	Evropa	2005	3	14
Bulgaria	Bulharsko	Evropa	2006	2	16
Bulgaria	Bulharsko	Evropa	2007	2	18
Bulgaria	Bulharsko	Evropa	2008	3	21
Bulgaria	Bulharsko	Evropa	2009	2	23
Bulgaria	Bulharsko	Evropa	2011	2	25
Bulgaria	Bulharsko	Evropa	2012	3	28
Bulgaria	Bulharsko	Evropa	2013	1	29
Bulgaria	Bulharsko	Evropa	2014	2	31
Bulgaria	Bulharsko	Evropa	2015	3	34
Bulgaria	Bulharsko	Evropa	2016	1	35
Bulgaria	Bulharsko	Evropa	2017	3	38
Bulgaria	Bulharsko	Evropa	2018	4	42
Bulgaria	Bulharsko	Evropa	2019	1	43
Bulgaria	Bulharsko	Evropa	2021	3	46
Bulgaria	Bulharsko	Evropa	2022	1	47
Bulgaria	Bulharsko	Evropa	2023	3	50
Bulgaria	Bulharsko	Evropa	2024	1	51
Bulgaria	Bulharsko	Evropa	2025	2	53
Bulgaria	Bulharsko	Evropa	2026	4	57
Burkina Faso	Burkina Faso	Afrika	2007	1	1
Cambodia	Kambodža	Asie	2013	1	1
Cambodia	Kambodža	Asie	2014	1	2
Cambodia	Kambodža	Asie	2016	1	3
Cambodia	Kambodža	Asie	2021	1	4
Canada	Kanada	Amerika (Severní)	1992	1	1
Canada	Kanada	Amerika (Severní)	1994	5	6
Canada	Kanada	Amerika (Severní)	1995	5	11
Canada	Kanada	Amerika (Severní)	1996	7	18
Canada	Kanada	Amerika (Severní)	1997	12	30
Canada	Kanada	Amerika (Severní)	1998	3	33
Canada	Kanada	Amerika (Severní)	1999	15	48
Canada	Kanada	Amerika (Severní)	2000	7	55
Canada	Kanada	Amerika (Severní)	2001	2	57
Canada	Kanada	Amerika (Severní)	2002	7	64
Canada	Kanada	Amerika (Severní)	2003	11	75
Canada	Kanada	Amerika (Severní)	2004	6	81
Canada	Kanada	Amerika (Severní)	2005	16	97
Canada	Kanada	Amerika (Severní)	2006	7	104
Canada	Kanada	Amerika (Severní)	2007	8	112
Canada	Kanada	Amerika (Severní)	2008	6	118
Canada	Kanada	Amerika (Severní)	2009	6	124
Canada	Kanada	Amerika (Severní)	2010	6	130
Canada	Kanada	Amerika (Severní)	2011	11	141
Canada	Kanada	Amerika (Severní)	2012	10	151
Canada	Kanada	Amerika (Severní)	2013	8	159
Canada	Kanada	Amerika (Severní)	2014	7	166
Canada	Kanada	Amerika (Severní)	2015	8	174
Canada	Kanada	Amerika (Severní)	2016	8	182
Canada	Kanada	Amerika (Severní)	2017	4	186
Canada	Kanada	Amerika (Severní)	2018	4	190
Canada	Kanada	Amerika (Severní)	2019	1	191
Canada	Kanada	Amerika (Severní)	2021	5	196
Canada	Kanada	Amerika (Severní)	2022	5	201
Canada	Kanada	Amerika (Severní)	2023	5	206
Canada	Kanada	Amerika (Severní)	2024	7	213
Canada	Kanada	Amerika (Severní)	2025	6	219
Canada	Kanada	Amerika (Severní)	2026	4	223
Chad	Chad	Afrika	2003	1	1
Chad	Chad	Afrika	2007	1	2
Chad	Chad	Afrika	2010	1	3
Chad	Chad	Afrika	2013	1	4
Chile	Chile	Amerika (Jižní)	1998	1	1
Chile	Chile	Amerika (Jižní)	2001	1	2
Chile	Chile	Amerika (Jižní)	2005	2	4
Chile	Chile	Amerika (Jižní)	2006	1	5
Chile	Chile	Amerika (Jižní)	2009	1	6
Chile	Chile	Amerika (Jižní)	2011	2	8
Chile	Chile	Amerika (Jižní)	2013	2	10
Chile	Chile	Amerika (Jižní)	2015	3	13
Chile	Chile	Amerika (Jižní)	2016	1	14
Chile	Chile	Amerika (Jižní)	2017	4	18
Chile	Chile	Amerika (Jižní)	2018	2	20
Chile	Chile	Amerika (Jižní)	2019	2	22
Chile	Chile	Amerika (Jižní)	2022	1	23
Chile	Chile	Amerika (Jižní)	2023	2	25
Chile	Chile	Amerika (Jižní)	2024	1	26
Chile	Chile	Amerika (Jižní)	2025	2	28
Chile	Chile	Amerika (Jižní)	2026	4	32
China	Čína	Asie	1994	2	2
China	Čína	Asie	1995	1	3
China	Čína	Asie	1996	2	5
China	Čína	Asie	1998	2	7
China	Čína	Asie	2000	4	11
China	Čína	Asie	2001	2	13
China	Čína	Asie	2002	8	21
China	Čína	Asie	2003	2	23
China	Čína	Asie	2004	3	26
China	Čína	Asie	2005	7	33
China	Čína	Asie	2006	3	36
China	Čína	Asie	2007	5	41
China	Čína	Asie	2008	4	45
China	Čína	Asie	2009	2	47
China	Čína	Asie	2010	1	48
China	Čína	Asie	2011	1	49
China	Čína	Asie	2013	2	51
China	Čína	Asie	2014	1	52
China	Čína	Asie	2015	1	53
China	Čína	Asie	2016	3	56
China	Čína	Asie	2018	3	59
China	Čína	Asie	2019	3	62
China	Čína	Asie	2022	1	63
China	Čína	Asie	2024	3	66
China	Čína	Asie	2025	2	68
China	Čína	Asie	2026	1	69
Colombia	Kolumbie	Amerika (Jižní)	2004	1	1
Colombia	Kolumbie	Amerika (Jižní)	2005	2	3
Colombia	Kolumbie	Amerika (Jižní)	2010	1	4
Colombia	Kolumbie	Amerika (Jižní)	2014	1	5
Colombia	Kolumbie	Amerika (Jižní)	2015	3	8
Colombia	Kolumbie	Amerika (Jižní)	2016	1	9
Colombia	Kolumbie	Amerika (Jižní)	2018	2	11
Colombia	Kolumbie	Amerika (Jižní)	2019	2	13
Colombia	Kolumbie	Amerika (Jižní)	2021	2	15
Colombia	Kolumbie	Amerika (Jižní)	2023	1	16
Colombia	Kolumbie	Amerika (Jižní)	2025	2	18
Colombia	Kolumbie	Amerika (Jižní)	2026	2	20
Costa Rica	Kostarika	Amerika (Jižní)	2015	1	1
Croatia	Chorvatsko	Evropa	1994	1	1
Croatia	Chorvatsko	Evropa	1996	1	2
Croatia	Chorvatsko	Evropa	1999	1	3
Croatia	Chorvatsko	Evropa	2000	2	5
Croatia	Chorvatsko	Evropa	2001	2	7
Croatia	Chorvatsko	Evropa	2002	1	8
Croatia	Chorvatsko	Evropa	2004	2	10
Croatia	Chorvatsko	Evropa	2006	2	12
Croatia	Chorvatsko	Evropa	2007	2	14
Croatia	Chorvatsko	Evropa	2008	1	15
Croatia	Chorvatsko	Evropa	2009	3	18
Croatia	Chorvatsko	Evropa	2010	3	21
Croatia	Chorvatsko	Evropa	2011	2	23
Croatia	Chorvatsko	Evropa	2012	2	25
Croatia	Chorvatsko	Evropa	2013	6	31
Croatia	Chorvatsko	Evropa	2014	2	33
Croatia	Chorvatsko	Evropa	2015	4	37
Croatia	Chorvatsko	Evropa	2016	5	42
Croatia	Chorvatsko	Evropa	2017	6	48
Croatia	Chorvatsko	Evropa	2018	5	53
Croatia	Chorvatsko	Evropa	2019	2	55
Croatia	Chorvatsko	Evropa	2021	5	60
Croatia	Chorvatsko	Evropa	2022	2	62
Croatia	Chorvatsko	Evropa	2023	1	63
Croatia	Chorvatsko	Evropa	2024	4	67
Croatia	Chorvatsko	Evropa	2025	4	71
Croatia	Chorvatsko	Evropa	2026	3	74
Cuba	Kuba	Amerika (Jižní)	1994	2	2
Cuba	Kuba	Amerika (Jižní)	1996	1	3
Cyprus	Kypr	Evropa	1995	1	1
Cyprus	Kypr	Evropa	2009	1	2
Cyprus	Kypr	Evropa	2014	1	3
Cyprus	Kypr	Evropa	2015	1	4
Cyprus	Kypr	Evropa	2018	2	6
Cyprus	Kypr	Evropa	2021	1	7
Cyprus	Kypr	Evropa	2023	1	8
Cyprus	Kypr	Evropa	2025	2	10
Cyprus	Kypr	Evropa	2026	3	13
Czech Republic	Česká republika	Evropa	1994	46	46
Czech Republic	Česká republika	Evropa	1995	16	62
Czech Republic	Česká republika	Evropa	1996	11	73
Czech Republic	Česká republika	Evropa	1997	40	113
Czech Republic	Česká republika	Evropa	1998	11	124
Czech Republic	Česká republika	Evropa	1999	19	143
Czech Republic	Česká republika	Evropa	2000	21	164
Czech Republic	Česká republika	Evropa	2001	18	182
Czech Republic	Česká republika	Evropa	2002	23	205
Czech Republic	Česká republika	Evropa	2003	20	225
Czech Republic	Česká republika	Evropa	2004	22	247
Czech Republic	Česká republika	Evropa	2005	21	268
Czech Republic	Česká republika	Evropa	2006	29	297
Czech Republic	Česká republika	Evropa	2007	32	329
Czech Republic	Česká republika	Evropa	2008	27	356
Czech Republic	Česká republika	Evropa	2009	33	389
Czech Republic	Česká republika	Evropa	2010	33	422
Czech Republic	Česká republika	Evropa	2011	23	445
Czech Republic	Česká republika	Evropa	2012	26	471
Czech Republic	Česká republika	Evropa	2013	29	500
Czech Republic	Česká republika	Evropa	2014	30	530
Czech Republic	Česká republika	Evropa	2015	32	562
Czech Republic	Česká republika	Evropa	2016	24	586
Czech Republic	Česká republika	Evropa	2017	23	609
Czech Republic	Česká republika	Evropa	2018	30	639
Czech Republic	Česká republika	Evropa	2019	29	668
Czech Republic	Česká republika	Evropa	2021	22	690
Czech Republic	Česká republika	Evropa	2022	22	712
Czech Republic	Česká republika	Evropa	2023	25	737
Czech Republic	Česká republika	Evropa	2024	21	758
Czech Republic	Česká republika	Evropa	2025	25	783
Czech Republic	Česká republika	Evropa	2026	28	811
Czechoslovakia	Československo	Evropa	1992	1	1
Czechoslovakia	Československo	Evropa	1995	16	17
Czechoslovakia	Československo	Evropa	1996	2	19
Czechoslovakia	Československo	Evropa	1997	4	23
Czechoslovakia	Československo	Evropa	1998	1	24
Czechoslovakia	Československo	Evropa	2000	1	25
Czechoslovakia	Československo	Evropa	2001	1	26
Czechoslovakia	Československo	Evropa	2002	1	27
Czechoslovakia	Československo	Evropa	2003	5	32
Czechoslovakia	Československo	Evropa	2005	1	33
Czechoslovakia	Československo	Evropa	2006	2	35
Czechoslovakia	Československo	Evropa	2007	13	48
Czechoslovakia	Československo	Evropa	2008	4	52
Czechoslovakia	Československo	Evropa	2009	2	54
Czechoslovakia	Československo	Evropa	2010	4	58
Czechoslovakia	Československo	Evropa	2011	3	61
Czechoslovakia	Československo	Evropa	2012	4	65
Czechoslovakia	Československo	Evropa	2013	6	71
Czechoslovakia	Československo	Evropa	2014	4	75
Czechoslovakia	Československo	Evropa	2015	4	79
Czechoslovakia	Československo	Evropa	2016	9	88
Czechoslovakia	Československo	Evropa	2017	14	102
Czechoslovakia	Československo	Evropa	2018	6	108
Czechoslovakia	Československo	Evropa	2019	11	119
Czechoslovakia	Československo	Evropa	2021	1	120
Czechoslovakia	Československo	Evropa	2022	5	125
Czechoslovakia	Československo	Evropa	2023	3	128
Czechoslovakia	Československo	Evropa	2024	4	132
Czechoslovakia	Československo	Evropa	2025	3	135
Czechoslovakia	Československo	Evropa	2026	3	138
Democratic Republic of the Congo	Democratic Republic of the Congo	Afrika	2023	1	1
Denmark	Dánsko	Evropa	1995	2	2
Denmark	Dánsko	Evropa	1996	3	5
Denmark	Dánsko	Evropa	1997	1	6
Denmark	Dánsko	Evropa	1998	3	9
Denmark	Dánsko	Evropa	1999	1	10
Denmark	Dánsko	Evropa	2000	5	15
Denmark	Dánsko	Evropa	2001	2	17
Denmark	Dánsko	Evropa	2002	2	19
Denmark	Dánsko	Evropa	2003	7	26
Denmark	Dánsko	Evropa	2004	6	32
Denmark	Dánsko	Evropa	2005	10	42
Denmark	Dánsko	Evropa	2006	4	46
Denmark	Dánsko	Evropa	2007	4	50
Denmark	Dánsko	Evropa	2008	6	56
Denmark	Dánsko	Evropa	2009	4	60
Denmark	Dánsko	Evropa	2010	9	69
Denmark	Dánsko	Evropa	2011	7	76
Denmark	Dánsko	Evropa	2012	9	85
Denmark	Dánsko	Evropa	2013	6	91
Denmark	Dánsko	Evropa	2014	5	96
Denmark	Dánsko	Evropa	2015	6	102
Denmark	Dánsko	Evropa	2016	3	105
Denmark	Dánsko	Evropa	2017	6	111
Denmark	Dánsko	Evropa	2018	5	116
Denmark	Dánsko	Evropa	2019	6	122
Denmark	Dánsko	Evropa	2021	3	125
Denmark	Dánsko	Evropa	2022	8	133
Denmark	Dánsko	Evropa	2023	7	140
Denmark	Dánsko	Evropa	2024	6	146
Denmark	Dánsko	Evropa	2025	4	150
Denmark	Dánsko	Evropa	2026	4	154
Dominican Republic	Dominikánská republika	Amerika (Jižní)	2018	1	1
Dominican Republic	Dominikánská republika	Amerika (Jižní)	2024	1	2
Egypt	Egypt	Afrika	2000	1	1
Egypt	Egypt	Afrika	2010	1	2
Egypt	Egypt	Afrika	2016	1	3
Egypt	Egypt	Afrika	2018	2	5
Egypt	Egypt	Afrika	2019	11	16
Egypt	Egypt	Afrika	2021	1	17
Egypt	Egypt	Afrika	2023	2	19
Estonia	Estonsko	Evropa	1996	3	3
Estonia	Estonsko	Evropa	1998	2	5
Estonia	Estonsko	Evropa	2002	1	6
Estonia	Estonsko	Evropa	2003	7	13
Estonia	Estonsko	Evropa	2004	4	17
Estonia	Estonsko	Evropa	2005	1	18
Estonia	Estonsko	Evropa	2006	1	19
Estonia	Estonsko	Evropa	2007	2	21
Estonia	Estonsko	Evropa	2008	2	23
Estonia	Estonsko	Evropa	2010	1	24
Estonia	Estonsko	Evropa	2011	1	25
Estonia	Estonsko	Evropa	2012	1	26
Estonia	Estonsko	Evropa	2013	1	27
Estonia	Estonsko	Evropa	2014	4	31
Estonia	Estonsko	Evropa	2016	3	34
Estonia	Estonsko	Evropa	2017	4	38
Estonia	Estonsko	Evropa	2018	7	45
Estonia	Estonsko	Evropa	2019	2	47
Estonia	Estonsko	Evropa	2021	3	50
Estonia	Estonsko	Evropa	2022	1	51
Estonia	Estonsko	Evropa	2023	1	52
Estonia	Estonsko	Evropa	2026	1	53
Ethiopia	Ethiopia	Afrika	2009	1	1
Ethiopia	Ethiopia	Afrika	2015	1	2
Finland	Finsko	Evropa	1992	1	1
Finland	Finsko	Evropa	1994	2	3
Finland	Finsko	Evropa	1995	6	9
Finland	Finsko	Evropa	1996	2	11
Finland	Finsko	Evropa	1997	1	12
Finland	Finsko	Evropa	1998	2	14
Finland	Finsko	Evropa	1999	2	16
Finland	Finsko	Evropa	2000	2	18
Finland	Finsko	Evropa	2001	1	19
Finland	Finsko	Evropa	2002	4	23
Finland	Finsko	Evropa	2003	3	26
Finland	Finsko	Evropa	2004	2	28
Finland	Finsko	Evropa	2005	2	30
Finland	Finsko	Evropa	2006	5	35
Finland	Finsko	Evropa	2007	2	37
Finland	Finsko	Evropa	2008	3	40
Finland	Finsko	Evropa	2009	2	42
Finland	Finsko	Evropa	2010	3	45
Finland	Finsko	Evropa	2011	4	49
Finland	Finsko	Evropa	2012	2	51
Finland	Finsko	Evropa	2013	2	53
Finland	Finsko	Evropa	2014	3	56
Finland	Finsko	Evropa	2015	1	57
Finland	Finsko	Evropa	2016	2	59
Finland	Finsko	Evropa	2017	4	63
Finland	Finsko	Evropa	2018	3	66
Finland	Finsko	Evropa	2019	1	67
Finland	Finsko	Evropa	2021	1	68
Finland	Finsko	Evropa	2022	3	71
Finland	Finsko	Evropa	2023	2	73
Finland	Finsko	Evropa	2024	2	75
Finland	Finsko	Evropa	2025	1	76
Finland	Finsko	Evropa	2026	2	78
France	Francie	Evropa	1992	3	3
France	Francie	Evropa	1994	10	13
France	Francie	Evropa	1995	13	26
France	Francie	Evropa	1996	26	52
France	Francie	Evropa	1997	29	81
France	Francie	Evropa	1998	26	107
France	Francie	Evropa	1999	21	128
France	Francie	Evropa	2000	32	160
France	Francie	Evropa	2001	29	189
France	Francie	Evropa	2002	29	218
France	Francie	Evropa	2003	46	264
France	Francie	Evropa	2004	30	294
France	Francie	Evropa	2005	34	328
France	Francie	Evropa	2006	28	356
France	Francie	Evropa	2007	38	394
France	Francie	Evropa	2008	23	417
France	Francie	Evropa	2009	31	448
France	Francie	Evropa	2010	33	481
France	Francie	Evropa	2011	23	504
France	Francie	Evropa	2012	39	543
France	Francie	Evropa	2013	30	573
France	Francie	Evropa	2014	31	604
France	Francie	Evropa	2015	41	645
France	Francie	Evropa	2016	45	690
France	Francie	Evropa	2017	33	723
France	Francie	Evropa	2018	33	756
France	Francie	Evropa	2019	25	781
France	Francie	Evropa	2021	39	820
France	Francie	Evropa	2022	37	857
France	Francie	Evropa	2023	44	901
France	Francie	Evropa	2024	54	955
France	Francie	Evropa	2025	30	985
France	Francie	Evropa	2026	36	1021
Gabon	Gabon	Afrika	2026	1	1
Georgia	Gruzie	Asie	1994	1	1
Georgia	Gruzie	Asie	1996	1	2
Georgia	Gruzie	Asie	1997	2	4
Georgia	Gruzie	Asie	1999	1	5
Georgia	Gruzie	Asie	2001	1	6
Georgia	Gruzie	Asie	2009	1	7
Georgia	Gruzie	Asie	2011	1	8
Georgia	Gruzie	Asie	2013	2	10
Georgia	Gruzie	Asie	2014	2	12
Georgia	Gruzie	Asie	2016	2	14
Georgia	Gruzie	Asie	2017	5	19
Georgia	Gruzie	Asie	2018	1	20
Georgia	Gruzie	Asie	2019	1	21
Georgia	Gruzie	Asie	2021	3	24
Georgia	Gruzie	Asie	2022	1	25
Georgia	Gruzie	Asie	2023	4	29
Georgia	Gruzie	Asie	2024	2	31
Georgia	Gruzie	Asie	2025	1	32
Germany	Německo	Evropa	1992	1	1
Germany	Německo	Evropa	1994	6	7
Germany	Německo	Evropa	1995	13	20
Germany	Německo	Evropa	1996	17	37
Germany	Německo	Evropa	1997	14	51
Germany	Německo	Evropa	1998	14	65
Germany	Německo	Evropa	1999	9	74
Germany	Německo	Evropa	2000	24	98
Germany	Německo	Evropa	2001	24	122
Germany	Německo	Evropa	2002	24	146
Germany	Německo	Evropa	2003	23	169
Germany	Německo	Evropa	2004	26	195
Germany	Německo	Evropa	2005	24	219
Germany	Německo	Evropa	2006	23	242
Germany	Německo	Evropa	2007	28	270
Germany	Německo	Evropa	2008	22	292
Germany	Německo	Evropa	2009	27	319
Germany	Německo	Evropa	2010	20	339
Germany	Německo	Evropa	2011	20	359
Germany	Německo	Evropa	2012	25	384
Germany	Německo	Evropa	2013	28	412
Germany	Německo	Evropa	2014	24	436
Germany	Německo	Evropa	2015	30	466
Germany	Německo	Evropa	2016	18	484
Germany	Německo	Evropa	2017	24	508
Germany	Německo	Evropa	2018	24	532
Germany	Německo	Evropa	2019	15	547
Germany	Německo	Evropa	2021	15	562
Germany	Německo	Evropa	2022	23	585
Germany	Německo	Evropa	2023	26	611
Germany	Německo	Evropa	2024	27	638
Germany	Německo	Evropa	2025	15	653
Germany	Německo	Evropa	2026	24	677
Ghana	Ghana	Afrika	2011	1	1
Greece	Řecko	Evropa	1995	2	2
Greece	Řecko	Evropa	1996	1	3
Greece	Řecko	Evropa	1997	1	4
Greece	Řecko	Evropa	1998	1	5
Greece	Řecko	Evropa	2000	2	7
Greece	Řecko	Evropa	2001	4	11
Greece	Řecko	Evropa	2002	2	13
Greece	Řecko	Evropa	2003	2	15
Greece	Řecko	Evropa	2004	2	17
Greece	Řecko	Evropa	2005	6	23
Greece	Řecko	Evropa	2006	2	25
Greece	Řecko	Evropa	2007	2	27
Greece	Řecko	Evropa	2008	2	29
Greece	Řecko	Evropa	2009	3	32
Greece	Řecko	Evropa	2010	2	34
Greece	Řecko	Evropa	2011	8	42
Greece	Řecko	Evropa	2012	5	47
Greece	Řecko	Evropa	2013	4	51
Greece	Řecko	Evropa	2014	5	56
Greece	Řecko	Evropa	2015	10	66
Greece	Řecko	Evropa	2016	2	68
Greece	Řecko	Evropa	2018	3	71
Greece	Řecko	Evropa	2019	3	74
Greece	Řecko	Evropa	2021	3	77
Greece	Řecko	Evropa	2022	2	79
Greece	Řecko	Evropa	2023	2	81
Greece	Řecko	Evropa	2025	3	84
Greece	Řecko	Evropa	2026	5	89
Guatemala	Guatemala	Amerika (Jižní)	2015	1	1
Guinea	Guinea	Afrika	2006	1	1
Guinea-Bissau	Guinea-Bissau	Afrika	2026	1	1
Hong Kong	Hong Kong	Asie	1995	6	6
Hong Kong	Hong Kong	Asie	1996	4	10
Hong Kong	Hong Kong	Asie	1998	3	13
Hong Kong	Hong Kong	Asie	2002	2	15
Hong Kong	Hong Kong	Asie	2003	2	17
Hong Kong	Hong Kong	Asie	2005	1	18
Hong Kong	Hong Kong	Asie	2006	1	19
Hong Kong	Hong Kong	Asie	2007	2	21
Hong Kong	Hong Kong	Asie	2012	1	22
Hong Kong	Hong Kong	Asie	2013	1	23
Hong Kong	Hong Kong	Asie	2014	1	24
Hong Kong	Hong Kong	Asie	2017	1	25
Hong Kong	Hong Kong	Asie	2019	1	26
Hong Kong	Hong Kong	Asie	2022	1	27
Hong Kong	Hong Kong	Asie	2023	1	28
Hong Kong	Hong Kong	Asie	2024	1	29
Hong Kong	Hong Kong	Asie	2025	2	31
Hungary	Maďarsko	Evropa	1992	1	1
Hungary	Maďarsko	Evropa	1994	8	9
Hungary	Maďarsko	Evropa	1995	5	14
Hungary	Maďarsko	Evropa	1996	2	16
Hungary	Maďarsko	Evropa	1997	3	19
Hungary	Maďarsko	Evropa	1998	5	24
Hungary	Maďarsko	Evropa	1999	2	26
Hungary	Maďarsko	Evropa	2000	10	36
Hungary	Maďarsko	Evropa	2001	6	42
Hungary	Maďarsko	Evropa	2002	6	48
Hungary	Maďarsko	Evropa	2003	5	53
Hungary	Maďarsko	Evropa	2004	8	61
Hungary	Maďarsko	Evropa	2005	6	67
Hungary	Maďarsko	Evropa	2006	3	70
Hungary	Maďarsko	Evropa	2007	3	73
Hungary	Maďarsko	Evropa	2008	9	82
Hungary	Maďarsko	Evropa	2009	7	89
Hungary	Maďarsko	Evropa	2010	2	91
Hungary	Maďarsko	Evropa	2011	1	92
Hungary	Maďarsko	Evropa	2012	4	96
Hungary	Maďarsko	Evropa	2013	1	97
Hungary	Maďarsko	Evropa	2014	4	101
Hungary	Maďarsko	Evropa	2015	4	105
Hungary	Maďarsko	Evropa	2016	3	108
Hungary	Maďarsko	Evropa	2017	2	110
Hungary	Maďarsko	Evropa	2018	1	111
Hungary	Maďarsko	Evropa	2019	2	113
Hungary	Maďarsko	Evropa	2021	2	115
Hungary	Maďarsko	Evropa	2022	2	117
Hungary	Maďarsko	Evropa	2023	2	119
Hungary	Maďarsko	Evropa	2024	1	120
Hungary	Maďarsko	Evropa	2025	2	122
Hungary	Maďarsko	Evropa	2026	3	125
Iceland	Island	Evropa	1996	1	1
Iceland	Island	Evropa	1997	2	3
Iceland	Island	Evropa	1999	1	4
Iceland	Island	Evropa	2000	1	5
Iceland	Island	Evropa	2002	1	6
Iceland	Island	Evropa	2003	3	9
Iceland	Island	Evropa	2004	2	11
Iceland	Island	Evropa	2005	2	13
Iceland	Island	Evropa	2006	1	14
Iceland	Island	Evropa	2007	5	19
Iceland	Island	Evropa	2008	3	22
Iceland	Island	Evropa	2009	2	24
Iceland	Island	Evropa	2010	1	25
Iceland	Island	Evropa	2011	4	29
Iceland	Island	Evropa	2012	2	31
Iceland	Island	Evropa	2013	1	32
Iceland	Island	Evropa	2014	3	35
Iceland	Island	Evropa	2015	3	38
Iceland	Island	Evropa	2018	1	39
Iceland	Island	Evropa	2019	2	41
Iceland	Island	Evropa	2021	3	44
Iceland	Island	Evropa	2022	3	47
Iceland	Island	Evropa	2023	1	48
Iceland	Island	Evropa	2024	1	49
Iceland	Island	Evropa	2025	1	50
India	Indie	Asie	1994	2	2
India	Indie	Asie	1995	1	3
India	Indie	Asie	1996	2	5
India	Indie	Asie	1997	2	7
India	Indie	Asie	1998	3	10
India	Indie	Asie	2000	2	12
India	Indie	Asie	2001	2	14
India	Indie	Asie	2002	6	20
India	Indie	Asie	2003	2	22
India	Indie	Asie	2004	4	26
India	Indie	Asie	2005	1	27
India	Indie	Asie	2006	1	28
India	Indie	Asie	2007	1	29
India	Indie	Asie	2008	2	31
India	Indie	Asie	2009	3	34
India	Indie	Asie	2010	1	35
India	Indie	Asie	2012	1	36
India	Indie	Asie	2013	2	38
India	Indie	Asie	2014	8	46
India	Indie	Asie	2015	2	48
India	Indie	Asie	2016	1	49
India	Indie	Asie	2017	2	51
India	Indie	Asie	2023	1	52
India	Indie	Asie	2024	5	57
India	Indie	Asie	2026	3	60
Indonesia	Indonésie	Asie	2002	1	1
Indonesia	Indonésie	Asie	2008	1	2
Indonesia	Indonésie	Asie	2009	1	3
Indonesia	Indonésie	Asie	2012	1	4
Indonesia	Indonésie	Asie	2013	2	6
Indonesia	Indonésie	Asie	2014	2	8
Indonesia	Indonésie	Asie	2017	2	10
Indonesia	Indonésie	Asie	2021	1	11
Indonesia	Indonésie	Asie	2023	2	13
Indonesia	Indonésie	Asie	2024	1	14
Indonesia	Indonésie	Asie	2025	1	15
Indonesia	Indonésie	Asie	2026	1	16
Iran	Írán	Blízký východ	1992	1	1
Iran	Írán	Blízký východ	1995	3	4
Iran	Írán	Blízký východ	1996	1	5
Iran	Írán	Blízký východ	1997	3	8
Iran	Írán	Blízký východ	1998	1	9
Iran	Írán	Blízký východ	1999	3	12
Iran	Írán	Blízký východ	2000	3	15
Iran	Írán	Blízký východ	2001	5	20
Iran	Írán	Blízký východ	2002	6	26
Iran	Írán	Blízký východ	2003	4	30
Iran	Írán	Blízký východ	2004	6	36
Iran	Írán	Blízký východ	2005	6	42
Iran	Írán	Blízký východ	2006	5	47
Iran	Írán	Blízký východ	2007	1	48
Iran	Írán	Blízký východ	2008	3	51
Iran	Írán	Blízký východ	2009	2	53
Iran	Írán	Blízký východ	2010	4	57
Iran	Írán	Blízký východ	2011	1	58
Iran	Írán	Blízký východ	2012	3	61
Iran	Írán	Blízký východ	2013	5	66
Iran	Írán	Blízký východ	2014	2	68
Iran	Írán	Blízký východ	2015	1	69
Iran	Írán	Blízký východ	2016	1	70
Iran	Írán	Blízký východ	2017	3	73
Iran	Írán	Blízký východ	2018	3	76
Iran	Írán	Blízký východ	2019	1	77
Iran	Írán	Blízký východ	2021	2	79
Iran	Írán	Blízký východ	2022	4	83
Iran	Írán	Blízký východ	2023	13	96
Iran	Írán	Blízký východ	2024	2	98
Iran	Írán	Blízký východ	2025	5	103
Iran	Írán	Blízký východ	2026	2	105
Iraq	Irák	Blízký východ	2005	1	1
Iraq	Irák	Blízký východ	2006	2	3
Iraq	Irák	Blízký východ	2010	1	4
Iraq	Irák	Blízký východ	2013	5	9
Iraq	Irák	Blízký východ	2014	1	10
Iraqi Kurdistan	Irácký Kurdistán	Blízký východ	2021	1	1
Ireland	Irsko	Evropa	1994	2	2
Ireland	Irsko	Evropa	1996	1	3
Ireland	Irsko	Evropa	2000	3	6
Ireland	Irsko	Evropa	2001	2	8
Ireland	Irsko	Evropa	2002	1	9
Ireland	Irsko	Evropa	2003	4	13
Ireland	Irsko	Evropa	2004	2	15
Ireland	Irsko	Evropa	2006	1	16
Ireland	Irsko	Evropa	2007	3	19
Ireland	Irsko	Evropa	2008	3	22
Ireland	Irsko	Evropa	2009	1	23
Ireland	Irsko	Evropa	2010	3	26
Ireland	Irsko	Evropa	2011	1	27
Ireland	Irsko	Evropa	2012	3	30
Ireland	Irsko	Evropa	2013	2	32
Ireland	Irsko	Evropa	2014	2	34
Ireland	Irsko	Evropa	2015	2	36
Ireland	Irsko	Evropa	2016	2	38
Ireland	Irsko	Evropa	2017	3	41
Ireland	Irsko	Evropa	2018	2	43
Ireland	Irsko	Evropa	2019	1	44
Ireland	Irsko	Evropa	2021	1	45
Ireland	Irsko	Evropa	2023	2	47
Ireland	Irsko	Evropa	2024	3	50
Ireland	Irsko	Evropa	2025	4	54
Ireland	Irsko	Evropa	2026	3	57
Israel	Izrael	Blízký východ	1996	3	3
Israel	Izrael	Blízký východ	1997	1	4
Israel	Izrael	Blízký východ	2001	3	7
Israel	Izrael	Blízký východ	2002	2	9
Israel	Izrael	Blízký východ	2003	2	11
Israel	Izrael	Blízký východ	2004	4	15
Israel	Izrael	Blízký východ	2005	5	20
Israel	Izrael	Blízký východ	2006	3	23
Israel	Izrael	Blízký východ	2007	2	25
Israel	Izrael	Blízký východ	2008	2	27
Israel	Izrael	Blízký východ	2009	5	32
Israel	Izrael	Blízký východ	2010	3	35
Israel	Izrael	Blízký východ	2011	2	37
Israel	Izrael	Blízký východ	2012	2	39
Israel	Izrael	Blízký východ	2013	6	45
Israel	Izrael	Blízký východ	2014	2	47
Israel	Izrael	Blízký východ	2015	2	49
Israel	Izrael	Blízký východ	2016	4	53
Israel	Izrael	Blízký východ	2017	2	55
Israel	Izrael	Blízký východ	2018	2	57
Israel	Izrael	Blízký východ	2021	3	60
Israel	Izrael	Blízký východ	2022	2	62
Israel	Izrael	Blízký východ	2024	1	63
Israel	Izrael	Blízký východ	2025	2	65
Italy	Itálie	Evropa	1994	10	10
Italy	Itálie	Evropa	1995	8	18
Italy	Itálie	Evropa	1996	3	21
Italy	Itálie	Evropa	1997	6	27
Italy	Itálie	Evropa	1998	7	34
Italy	Itálie	Evropa	1999	2	36
Italy	Itálie	Evropa	2000	11	47
Italy	Itálie	Evropa	2001	11	58
Italy	Itálie	Evropa	2002	10	68
Italy	Itálie	Evropa	2003	15	83
Italy	Itálie	Evropa	2004	12	95
Italy	Itálie	Evropa	2005	13	108
Italy	Itálie	Evropa	2006	9	117
Italy	Itálie	Evropa	2007	15	132
Italy	Itálie	Evropa	2008	12	144
Italy	Itálie	Evropa	2009	14	158
Italy	Itálie	Evropa	2010	11	169
Italy	Itálie	Evropa	2011	9	178
Italy	Itálie	Evropa	2012	33	211
Italy	Itálie	Evropa	2013	10	221
Italy	Itálie	Evropa	2014	22	243
Italy	Itálie	Evropa	2015	15	258
Italy	Itálie	Evropa	2016	9	267
Italy	Itálie	Evropa	2017	8	275
Italy	Itálie	Evropa	2018	11	286
Italy	Itálie	Evropa	2019	8	294
Italy	Itálie	Evropa	2021	6	300
Italy	Itálie	Evropa	2022	8	308
Italy	Itálie	Evropa	2023	14	322
Italy	Itálie	Evropa	2024	14	336
Italy	Itálie	Evropa	2025	10	346
Italy	Itálie	Evropa	2026	11	357
Ivory Coast	Ivory Coast	Afrika	2021	1	1
Ivory Coast	Ivory Coast	Afrika	2026	1	2
Jamaica	Jamajka	Amerika (Jižní)	2018	1	1
Japan	Japonsko	Asie	1994	1	1
Japan	Japonsko	Asie	1995	3	4
Japan	Japonsko	Asie	1996	5	9
Japan	Japonsko	Asie	1997	3	12
Japan	Japonsko	Asie	1998	11	23
Japan	Japonsko	Asie	2000	3	26
Japan	Japonsko	Asie	2001	2	28
Japan	Japonsko	Asie	2002	10	38
Japan	Japonsko	Asie	2003	14	52
Japan	Japonsko	Asie	2004	4	56
Japan	Japonsko	Asie	2005	16	72
Japan	Japonsko	Asie	2006	3	75
Japan	Japonsko	Asie	2007	14	89
Japan	Japonsko	Asie	2008	2	91
Japan	Japonsko	Asie	2009	7	98
Japan	Japonsko	Asie	2010	3	101
Japan	Japonsko	Asie	2011	3	104
Japan	Japonsko	Asie	2012	3	107
Japan	Japonsko	Asie	2013	3	110
Japan	Japonsko	Asie	2014	5	115
Japan	Japonsko	Asie	2015	5	120
Japan	Japonsko	Asie	2016	2	122
Japan	Japonsko	Asie	2017	16	138
Japan	Japonsko	Asie	2018	4	142
Japan	Japonsko	Asie	2019	2	144
Japan	Japonsko	Asie	2021	4	148
Japan	Japonsko	Asie	2022	4	152
Japan	Japonsko	Asie	2023	16	168
Japan	Japonsko	Asie	2024	6	174
Japan	Japonsko	Asie	2025	2	176
Japan	Japonsko	Asie	2026	5	181
Jordan	Jordánsko	Blízký východ	2015	1	1
Jordan	Jordánsko	Blízký východ	2023	1	2
Jordan	Jordánsko	Blízký východ	2025	1	3
Jordan	Jordánsko	Blízký východ	2026	1	4
Kazakhstan	Kazachstán	Asie	1994	2	2
Kazakhstan	Kazachstán	Asie	1996	3	5
Kazakhstan	Kazachstán	Asie	1997	1	6
Kazakhstan	Kazachstán	Asie	1998	1	7
Kazakhstan	Kazachstán	Asie	1999	9	16
Kazakhstan	Kazachstán	Asie	2000	1	17
Kazakhstan	Kazachstán	Asie	2002	1	18
Kazakhstan	Kazachstán	Asie	2004	2	20
Kazakhstan	Kazachstán	Asie	2005	2	22
Kazakhstan	Kazachstán	Asie	2007	1	23
Kazakhstan	Kazachstán	Asie	2008	1	24
Kazakhstan	Kazachstán	Asie	2009	2	26
Kazakhstan	Kazachstán	Asie	2011	1	27
Kazakhstan	Kazachstán	Asie	2013	1	28
Kazakhstan	Kazachstán	Asie	2014	3	31
Kazakhstan	Kazachstán	Asie	2018	1	32
Kazakhstan	Kazachstán	Asie	2024	1	33
Kazakhstan	Kazachstán	Asie	2025	1	34
Kenya	Kenya	Afrika	2018	1	1
Kosovo	Kosovo	Evropa	2014	1	1
Kosovo	Kosovo	Evropa	2015	3	4
Kosovo	Kosovo	Evropa	2016	1	5
Kosovo	Kosovo	Evropa	2017	1	6
Kosovo	Kosovo	Evropa	2019	1	7
Kosovo	Kosovo	Evropa	2021	2	9
Kosovo	Kosovo	Evropa	2024	1	10
Kosovo	Kosovo	Evropa	2026	1	11
Kurdistan	Kurdistán	Blízký východ	2003	1	1
Kyrgyzstan	Kyrgyzstán	Asie	1999	1	1
Kyrgyzstan	Kyrgyzstán	Asie	2001	1	2
Kyrgyzstan	Kyrgyzstán	Asie	2002	1	3
Kyrgyzstan	Kyrgyzstán	Asie	2005	1	4
Kyrgyzstan	Kyrgyzstán	Asie	2006	1	5
Kyrgyzstan	Kyrgyzstán	Asie	2015	1	6
Kyrgyzstan	Kyrgyzstán	Asie	2017	1	7
Kyrgyzstan	Kyrgyzstán	Asie	2018	1	8
Latvia	Lotyšsko	Evropa	1996	1	1
Latvia	Lotyšsko	Evropa	1998	1	2
Latvia	Lotyšsko	Evropa	2001	1	3
Latvia	Lotyšsko	Evropa	2002	1	4
Latvia	Lotyšsko	Evropa	2003	6	10
Latvia	Lotyšsko	Evropa	2004	3	13
Latvia	Lotyšsko	Evropa	2005	3	16
Latvia	Lotyšsko	Evropa	2006	1	17
Latvia	Lotyšsko	Evropa	2007	2	19
Latvia	Lotyšsko	Evropa	2008	1	20
Latvia	Lotyšsko	Evropa	2012	2	22
Latvia	Lotyšsko	Evropa	2014	1	23
Latvia	Lotyšsko	Evropa	2015	3	26
Latvia	Lotyšsko	Evropa	2016	3	29
Latvia	Lotyšsko	Evropa	2017	1	30
Latvia	Lotyšsko	Evropa	2018	11	41
Latvia	Lotyšsko	Evropa	2019	6	47
Latvia	Lotyšsko	Evropa	2022	1	48
Latvia	Lotyšsko	Evropa	2025	2	50
Latvia	Lotyšsko	Evropa	2026	3	53
Lebanon	Libanon	Blízký východ	2011	1	1
Lebanon	Libanon	Blízký východ	2015	8	9
Lebanon	Libanon	Blízký východ	2016	1	10
Lebanon	Libanon	Blízký východ	2017	1	11
Lebanon	Libanon	Blízký východ	2018	2	13
Lebanon	Libanon	Blízký východ	2021	3	16
Lebanon	Libanon	Blízký východ	2022	5	21
Lebanon	Libanon	Blízký východ	2023	3	24
Lebanon	Libanon	Blízký východ	2024	1	25
Lebanon	Libanon	Blízký východ	2025	1	26
Lebanon	Libanon	Blízký východ	2026	3	29
Liechtenstein	Lichtenštejnsko	Evropa	2017	1	1
Lithuania	Litva	Evropa	1992	1	1
Lithuania	Litva	Evropa	1997	2	3
Lithuania	Litva	Evropa	1998	5	8
Lithuania	Litva	Evropa	1999	1	9
Lithuania	Litva	Evropa	2000	3	12
Lithuania	Litva	Evropa	2001	1	13
Lithuania	Litva	Evropa	2003	6	19
Lithuania	Litva	Evropa	2005	1	20
Lithuania	Litva	Evropa	2006	2	22
Lithuania	Litva	Evropa	2007	1	23
Lithuania	Litva	Evropa	2008	2	25
Lithuania	Litva	Evropa	2009	1	26
Lithuania	Litva	Evropa	2010	1	27
Lithuania	Litva	Evropa	2011	1	28
Lithuania	Litva	Evropa	2012	1	29
Lithuania	Litva	Evropa	2015	1	30
Lithuania	Litva	Evropa	2016	1	31
Lithuania	Litva	Evropa	2017	1	32
Lithuania	Litva	Evropa	2018	11	43
Lithuania	Litva	Evropa	2019	3	46
Lithuania	Litva	Evropa	2021	3	49
Lithuania	Litva	Evropa	2022	4	53
Lithuania	Litva	Evropa	2023	2	55
Lithuania	Litva	Evropa	2025	5	60
Lithuania	Litva	Evropa	2026	5	65
Luxembourg	Lucembursko	Evropa	1997	1	1
Luxembourg	Lucembursko	Evropa	2000	1	2
Luxembourg	Lucembursko	Evropa	2003	2	4
Luxembourg	Lucembursko	Evropa	2004	2	6
Luxembourg	Lucembursko	Evropa	2005	2	8
Luxembourg	Lucembursko	Evropa	2006	2	10
Luxembourg	Lucembursko	Evropa	2007	1	11
Luxembourg	Lucembursko	Evropa	2008	2	13
Luxembourg	Lucembursko	Evropa	2009	1	14
Luxembourg	Lucembursko	Evropa	2010	1	15
Luxembourg	Lucembursko	Evropa	2012	1	16
Luxembourg	Lucembursko	Evropa	2013	2	18
Luxembourg	Lucembursko	Evropa	2014	2	20
Luxembourg	Lucembursko	Evropa	2015	1	21
Luxembourg	Lucembursko	Evropa	2018	1	22
Luxembourg	Lucembursko	Evropa	2019	2	24
Luxembourg	Lucembursko	Evropa	2021	2	26
Luxembourg	Lucembursko	Evropa	2022	4	30
Luxembourg	Lucembursko	Evropa	2023	2	32
Luxembourg	Lucembursko	Evropa	2024	1	33
Luxembourg	Lucembursko	Evropa	2025	3	36
Luxembourg	Lucembursko	Evropa	2026	5	41
Malawi	Malawi	Afrika	2014	1	1
Malaysia	Malajsie	Asie	2007	3	3
Malaysia	Malajsie	Asie	2009	1	4
Malta	Malta	Evropa	2021	1	1
Mauritania	Mauritania	Afrika	2014	1	1
Mexico	Mexiko	Amerika (Jižní)	1994	1	1
Mexico	Mexiko	Amerika (Jižní)	1995	1	2
Mexico	Mexiko	Amerika (Jižní)	1997	1	3
Mexico	Mexiko	Amerika (Jižní)	1998	1	4
Mexico	Mexiko	Amerika (Jižní)	2000	1	5
Mexico	Mexiko	Amerika (Jižní)	2001	3	8
Mexico	Mexiko	Amerika (Jižní)	2002	4	12
Mexico	Mexiko	Amerika (Jižní)	2003	3	15
Mexico	Mexiko	Amerika (Jižní)	2004	3	18
Mexico	Mexiko	Amerika (Jižní)	2005	5	23
Mexico	Mexiko	Amerika (Jižní)	2006	6	29
Mexico	Mexiko	Amerika (Jižní)	2007	2	31
Mexico	Mexiko	Amerika (Jižní)	2008	9	40
Mexico	Mexiko	Amerika (Jižní)	2009	5	45
Mexico	Mexiko	Amerika (Jižní)	2010	2	47
Mexico	Mexiko	Amerika (Jižní)	2011	2	49
Mexico	Mexiko	Amerika (Jižní)	2012	3	52
Mexico	Mexiko	Amerika (Jižní)	2013	4	56
Mexico	Mexiko	Amerika (Jižní)	2014	3	59
Mexico	Mexiko	Amerika (Jižní)	2015	1	60
Mexico	Mexiko	Amerika (Jižní)	2016	9	69
Mexico	Mexiko	Amerika (Jižní)	2017	2	71
Mexico	Mexiko	Amerika (Jižní)	2018	4	75
Mexico	Mexiko	Amerika (Jižní)	2019	2	77
Mexico	Mexiko	Amerika (Jižní)	2021	4	81
Mexico	Mexiko	Amerika (Jižní)	2022	3	84
Mexico	Mexiko	Amerika (Jižní)	2023	3	87
Mexico	Mexiko	Amerika (Jižní)	2024	4	91
Mexico	Mexiko	Amerika (Jižní)	2025	3	94
Mexico	Mexiko	Amerika (Jižní)	2026	6	100
Moldova	Moldávie	Evropa	2002	1	1
Moldova	Moldávie	Evropa	2013	1	2
Moldova	Moldávie	Evropa	2015	1	3
Moldova	Moldávie	Evropa	2024	1	4
Monaco	Monako	Evropa	1994	1	1
Monaco	Monako	Evropa	2010	1	2
Monaco	Monako	Evropa	2021	2	4
Mongolia	Mongolsko	Asie	1997	1	1
Mongolia	Mongolsko	Asie	1998	1	2
Mongolia	Mongolsko	Asie	2004	1	3
Mongolia	Mongolsko	Asie	2023	1	4
Montenegro	Černá Hora	Evropa	2008	1	1
Montenegro	Černá Hora	Evropa	2014	1	2
Montenegro	Černá Hora	Evropa	2015	1	3
Montenegro	Černá Hora	Evropa	2019	1	4
Montenegro	Černá Hora	Evropa	2021	2	6
Morocco	Morocco	Afrika	1998	1	1
Morocco	Morocco	Afrika	2005	2	3
Morocco	Morocco	Afrika	2012	1	4
Morocco	Morocco	Afrika	2016	1	5
Morocco	Morocco	Afrika	2019	2	7
Morocco	Morocco	Afrika	2021	2	9
Morocco	Morocco	Afrika	2022	1	10
Morocco	Morocco	Afrika	2023	2	12
Morocco	Morocco	Afrika	2024	1	13
Myanmar	Myanmar	Asie	2014	1	1
Myanmar	Myanmar	Asie	2025	1	2
Myanmar	Myanmar	Asie	2026	1	3
Namibia	Namibia	Afrika	2024	1	1
Nepal	Nepál	Asie	2017	2	2
Nepal	Nepál	Asie	2018	1	3
Nepal	Nepál	Asie	2023	1	4
Nepal	Nepál	Asie	2024	1	5
Nepal	Nepál	Asie	2026	2	7
Netherlands	Nizozemsko	Evropa	1992	1	1
Netherlands	Nizozemsko	Evropa	1994	1	2
Netherlands	Nizozemsko	Evropa	1995	4	6
Netherlands	Nizozemsko	Evropa	1996	2	8
Netherlands	Nizozemsko	Evropa	1997	3	11
Netherlands	Nizozemsko	Evropa	1998	8	19
Netherlands	Nizozemsko	Evropa	1999	5	24
Netherlands	Nizozemsko	Evropa	2000	3	27
Netherlands	Nizozemsko	Evropa	2001	2	29
Netherlands	Nizozemsko	Evropa	2002	22	51
Netherlands	Nizozemsko	Evropa	2003	4	55
Netherlands	Nizozemsko	Evropa	2004	4	59
Netherlands	Nizozemsko	Evropa	2005	9	68
Netherlands	Nizozemsko	Evropa	2006	8	76
Netherlands	Nizozemsko	Evropa	2007	6	82
Netherlands	Nizozemsko	Evropa	2008	16	98
Netherlands	Nizozemsko	Evropa	2009	5	103
Netherlands	Nizozemsko	Evropa	2010	9	112
Netherlands	Nizozemsko	Evropa	2011	7	119
Netherlands	Nizozemsko	Evropa	2012	4	123
Netherlands	Nizozemsko	Evropa	2013	9	132
Netherlands	Nizozemsko	Evropa	2014	5	137
Netherlands	Nizozemsko	Evropa	2015	6	143
Netherlands	Nizozemsko	Evropa	2016	6	149
Netherlands	Nizozemsko	Evropa	2017	13	162
Netherlands	Nizozemsko	Evropa	2018	7	169
Netherlands	Nizozemsko	Evropa	2019	7	176
Netherlands	Nizozemsko	Evropa	2021	6	182
Netherlands	Nizozemsko	Evropa	2022	6	188
Netherlands	Nizozemsko	Evropa	2023	7	195
Netherlands	Nizozemsko	Evropa	2024	10	205
Netherlands	Nizozemsko	Evropa	2025	6	211
Netherlands	Nizozemsko	Evropa	2026	8	219
New Zealand	Nový Zéland	Austrálie	1997	1	1
New Zealand	Nový Zéland	Austrálie	2000	2	3
New Zealand	Nový Zéland	Austrálie	2002	1	4
New Zealand	Nový Zéland	Austrálie	2005	1	5
New Zealand	Nový Zéland	Austrálie	2007	1	6
New Zealand	Nový Zéland	Austrálie	2008	2	8
New Zealand	Nový Zéland	Austrálie	2009	1	9
New Zealand	Nový Zéland	Austrálie	2013	1	10
New Zealand	Nový Zéland	Austrálie	2014	1	11
New Zealand	Nový Zéland	Austrálie	2015	1	12
New Zealand	Nový Zéland	Austrálie	2016	1	13
Nigeria	Nigeria	Afrika	2023	1	1
Nigeria	Nigeria	Afrika	2025	1	2
North Korea	Severní Korea	Asie	2016	1	1
North Macedonia	Severní Makedonie	Evropa	1995	1	1
North Macedonia	Severní Makedonie	Evropa	2001	1	2
North Macedonia	Severní Makedonie	Evropa	2002	1	3
North Macedonia	Severní Makedonie	Evropa	2003	1	4
North Macedonia	Severní Makedonie	Evropa	2004	1	5
North Macedonia	Severní Makedonie	Evropa	2005	1	6
North Macedonia	Severní Makedonie	Evropa	2007	1	7
North Macedonia	Severní Makedonie	Evropa	2009	1	8
North Macedonia	Severní Makedonie	Evropa	2010	1	9
North Macedonia	Severní Makedonie	Evropa	2011	1	10
North Macedonia	Severní Makedonie	Evropa	2014	1	11
North Macedonia	Severní Makedonie	Evropa	2015	2	13
North Macedonia	Severní Makedonie	Evropa	2016	2	15
North Macedonia	Severní Makedonie	Evropa	2017	1	16
North Macedonia	Severní Makedonie	Evropa	2018	1	17
North Macedonia	Severní Makedonie	Evropa	2019	1	18
North Macedonia	Severní Makedonie	Evropa	2021	2	20
North Macedonia	Severní Makedonie	Evropa	2024	1	21
North Macedonia	Severní Makedonie	Evropa	2026	2	23
Norway	Norsko	Evropa	1994	1	1
Norway	Norsko	Evropa	1996	2	3
Norway	Norsko	Evropa	1998	1	4
Norway	Norsko	Evropa	1999	1	5
Norway	Norsko	Evropa	2000	3	8
Norway	Norsko	Evropa	2001	3	11
Norway	Norsko	Evropa	2002	4	15
Norway	Norsko	Evropa	2003	8	23
Norway	Norsko	Evropa	2004	2	25
Norway	Norsko	Evropa	2005	11	36
Norway	Norsko	Evropa	2006	3	39
Norway	Norsko	Evropa	2007	6	45
Norway	Norsko	Evropa	2008	2	47
Norway	Norsko	Evropa	2009	3	50
Norway	Norsko	Evropa	2011	6	56
Norway	Norsko	Evropa	2012	4	60
Norway	Norsko	Evropa	2013	5	65
Norway	Norsko	Evropa	2014	2	67
Norway	Norsko	Evropa	2015	4	71
Norway	Norsko	Evropa	2016	3	74
Norway	Norsko	Evropa	2017	4	78
Norway	Norsko	Evropa	2018	4	82
Norway	Norsko	Evropa	2019	2	84
Norway	Norsko	Evropa	2021	4	88
Norway	Norsko	Evropa	2023	2	90
Norway	Norsko	Evropa	2024	6	96
Norway	Norsko	Evropa	2025	4	100
Norway	Norsko	Evropa	2026	6	106
Pakistan	Pákistán	Asie	2006	1	1
Pakistan	Pákistán	Asie	2009	1	2
Pakistan	Pákistán	Asie	2012	1	3
Pakistan	Pákistán	Asie	2022	1	4
Palestine	Palestina	Blízký východ	1997	1	1
Palestine	Palestina	Blízký východ	2004	1	2
Palestine	Palestina	Blízký východ	2005	1	3
Palestine	Palestina	Blízký východ	2006	1	4
Palestine	Palestina	Blízký východ	2009	1	5
Palestine	Palestina	Blízký východ	2010	1	6
Palestine	Palestina	Blízký východ	2011	1	7
Palestine	Palestina	Blízký východ	2012	1	8
Palestine	Palestina	Blízký východ	2013	2	10
Palestine	Palestina	Blízký východ	2015	1	11
Palestine	Palestina	Blízký východ	2018	1	12
Palestine	Palestina	Blízký východ	2023	1	13
Palestine	Palestina	Blízký východ	2024	3	16
Palestine	Palestina	Blízký východ	2025	3	19
Palestine	Palestina	Blízký východ	2026	1	20
Paraguay	Paraguay	Amerika (Jižní)	2014	1	1
Paraguay	Paraguay	Amerika (Jižní)	2022	1	2
Peru	Peru	Amerika (Jižní)	2001	1	1
Peru	Peru	Amerika (Jižní)	2004	1	2
Peru	Peru	Amerika (Jižní)	2005	1	3
Peru	Peru	Amerika (Jižní)	2006	1	4
Peru	Peru	Amerika (Jižní)	2007	1	5
Peru	Peru	Amerika (Jižní)	2008	1	6
Peru	Peru	Amerika (Jižní)	2009	1	7
Peru	Peru	Amerika (Jižní)	2010	1	8
Peru	Peru	Amerika (Jižní)	2011	1	9
Peru	Peru	Amerika (Jižní)	2013	1	10
Peru	Peru	Amerika (Jižní)	2024	1	11
Peru	Peru	Amerika (Jižní)	2025	1	12
Philippines	Filipíny	Asie	2002	1	1
Philippines	Filipíny	Asie	2003	1	2
Philippines	Filipíny	Asie	2005	1	3
Philippines	Filipíny	Asie	2007	1	4
Philippines	Filipíny	Asie	2008	1	5
Philippines	Filipíny	Asie	2009	1	6
Philippines	Filipíny	Asie	2012	1	7
Philippines	Filipíny	Asie	2013	2	9
Philippines	Filipíny	Asie	2015	2	11
Philippines	Filipíny	Asie	2016	3	14
Philippines	Filipíny	Asie	2018	1	15
Philippines	Filipíny	Asie	2019	1	16
Philippines	Filipíny	Asie	2021	1	17
Philippines	Filipíny	Asie	2022	2	19
Philippines	Filipíny	Asie	2023	3	22
Philippines	Filipíny	Asie	2024	2	24
Philippines	Filipíny	Asie	2025	1	25
Philippines	Filipíny	Asie	2026	1	26
Poland	Polsko	Evropa	1994	3	3
Poland	Polsko	Evropa	1995	6	9
Poland	Polsko	Evropa	1996	5	14
Poland	Polsko	Evropa	1997	6	20
Poland	Polsko	Evropa	1998	4	24
Poland	Polsko	Evropa	1999	4	28
Poland	Polsko	Evropa	2000	7	35
Poland	Polsko	Evropa	2001	9	44
Poland	Polsko	Evropa	2002	6	50
Poland	Polsko	Evropa	2003	6	56
Poland	Polsko	Evropa	2004	6	62
Poland	Polsko	Evropa	2005	8	70
Poland	Polsko	Evropa	2006	4	74
Poland	Polsko	Evropa	2007	8	82
Poland	Polsko	Evropa	2008	6	88
Poland	Polsko	Evropa	2009	9	97
Poland	Polsko	Evropa	2010	4	101
Poland	Polsko	Evropa	2011	8	109
Poland	Polsko	Evropa	2012	10	119
Poland	Polsko	Evropa	2013	11	130
Poland	Polsko	Evropa	2014	6	136
Poland	Polsko	Evropa	2015	7	143
Poland	Polsko	Evropa	2016	7	150
Poland	Polsko	Evropa	2017	8	158
Poland	Polsko	Evropa	2018	10	168
Poland	Polsko	Evropa	2019	5	173
Poland	Polsko	Evropa	2021	7	180
Poland	Polsko	Evropa	2022	9	189
Poland	Polsko	Evropa	2023	4	193
Poland	Polsko	Evropa	2024	4	197
Poland	Polsko	Evropa	2025	4	201
Poland	Polsko	Evropa	2026	7	208
Portugal	Portugalsko	Evropa	1997	1	1
Portugal	Portugalsko	Evropa	1998	2	3
Portugal	Portugalsko	Evropa	2000	1	4
Portugal	Portugalsko	Evropa	2001	2	6
Portugal	Portugalsko	Evropa	2002	1	7
Portugal	Portugalsko	Evropa	2003	1	8
Portugal	Portugalsko	Evropa	2004	1	9
Portugal	Portugalsko	Evropa	2005	3	12
Portugal	Portugalsko	Evropa	2007	1	13
Portugal	Portugalsko	Evropa	2008	2	15
Portugal	Portugalsko	Evropa	2009	1	16
Portugal	Portugalsko	Evropa	2010	1	17
Portugal	Portugalsko	Evropa	2012	3	20
Portugal	Portugalsko	Evropa	2014	1	21
Portugal	Portugalsko	Evropa	2015	4	25
Portugal	Portugalsko	Evropa	2016	1	26
Portugal	Portugalsko	Evropa	2017	2	28
Portugal	Portugalsko	Evropa	2018	4	32
Portugal	Portugalsko	Evropa	2021	1	33
Portugal	Portugalsko	Evropa	2023	3	36
Portugal	Portugalsko	Evropa	2024	2	38
Portugal	Portugalsko	Evropa	2025	4	42
Qatar	Katar	Blízký východ	2011	1	1
Qatar	Katar	Blízký východ	2014	1	2
Qatar	Katar	Blízký východ	2015	3	5
Qatar	Katar	Blízký východ	2016	5	10
Qatar	Katar	Blízký východ	2017	5	15
Qatar	Katar	Blízký východ	2018	4	19
Qatar	Katar	Blízký východ	2019	2	21
Qatar	Katar	Blízký východ	2021	7	28
Qatar	Katar	Blízký východ	2022	6	34
Qatar	Katar	Blízký východ	2023	5	39
Qatar	Katar	Blízký východ	2024	5	44
Qatar	Katar	Blízký východ	2025	2	46
Qatar	Katar	Blízký východ	2026	3	49
Romania	Rumunsko	Evropa	1994	1	1
Romania	Rumunsko	Evropa	1995	1	2
Romania	Rumunsko	Evropa	1997	1	3
Romania	Rumunsko	Evropa	1999	1	4
Romania	Rumunsko	Evropa	2001	2	6
Romania	Rumunsko	Evropa	2002	2	8
Romania	Rumunsko	Evropa	2004	1	9
Romania	Rumunsko	Evropa	2005	3	12
Romania	Rumunsko	Evropa	2006	2	14
Romania	Rumunsko	Evropa	2007	3	17
Romania	Rumunsko	Evropa	2008	2	19
Romania	Rumunsko	Evropa	2009	2	21
Romania	Rumunsko	Evropa	2010	3	24
Romania	Rumunsko	Evropa	2011	4	28
Romania	Rumunsko	Evropa	2012	3	31
Romania	Rumunsko	Evropa	2013	5	36
Romania	Rumunsko	Evropa	2014	4	40
Romania	Rumunsko	Evropa	2015	7	47
Romania	Rumunsko	Evropa	2016	5	52
Romania	Rumunsko	Evropa	2017	4	56
Romania	Rumunsko	Evropa	2018	3	59
Romania	Rumunsko	Evropa	2019	2	61
Romania	Rumunsko	Evropa	2021	4	65
Romania	Rumunsko	Evropa	2022	2	67
Romania	Rumunsko	Evropa	2023	4	71
Romania	Rumunsko	Evropa	2024	4	75
Romania	Rumunsko	Evropa	2025	3	78
Romania	Rumunsko	Evropa	2026	3	81
Russia	Rusko	Evropa	1992	2	2
Russia	Rusko	Evropa	1994	16	18
Russia	Rusko	Evropa	1995	16	34
Russia	Rusko	Evropa	1996	7	41
Russia	Rusko	Evropa	1997	16	57
Russia	Rusko	Evropa	1998	19	76
Russia	Rusko	Evropa	1999	6	82
Russia	Rusko	Evropa	2000	17	99
Russia	Rusko	Evropa	2001	17	116
Russia	Rusko	Evropa	2002	18	134
Russia	Rusko	Evropa	2003	12	146
Russia	Rusko	Evropa	2004	11	157
Russia	Rusko	Evropa	2005	9	166
Russia	Rusko	Evropa	2006	7	173
Russia	Rusko	Evropa	2007	9	182
Russia	Rusko	Evropa	2008	8	190
Russia	Rusko	Evropa	2009	15	205
Russia	Rusko	Evropa	2010	6	211
Russia	Rusko	Evropa	2011	6	217
Russia	Rusko	Evropa	2012	4	221
Russia	Rusko	Evropa	2013	8	229
Russia	Rusko	Evropa	2014	7	236
Russia	Rusko	Evropa	2015	4	240
Russia	Rusko	Evropa	2016	5	245
Russia	Rusko	Evropa	2017	3	248
Russia	Rusko	Evropa	2018	8	256
Russia	Rusko	Evropa	2019	1	257
Russia	Rusko	Evropa	2021	5	262
Russia	Rusko	Evropa	2022	2	264
Rwanda	Rwanda	Afrika	2002	1	1
Rwanda	Rwanda	Afrika	2006	1	2
Rwanda	Rwanda	Afrika	2022	1	3
Rwanda	Rwanda	Afrika	2026	1	4
Saudi Arabia	Saudská Arábie	Blízký východ	2013	1	1
Saudi Arabia	Saudská Arábie	Blízký východ	2019	1	2
Saudi Arabia	Saudská Arábie	Blízký východ	2023	3	5
Saudi Arabia	Saudská Arábie	Blízký východ	2024	1	6
Saudi Arabia	Saudská Arábie	Blízký východ	2025	1	7
Saudi Arabia	Saudská Arábie	Blízký východ	2026	4	11
Senegal	Senegal	Afrika	1995	1	1
Senegal	Senegal	Afrika	2003	1	2
Senegal	Senegal	Afrika	2022	1	3
Senegal	Senegal	Afrika	2024	1	4
Senegal	Senegal	Afrika	2026	1	5
Serbia	Srbsko	Evropa	2003	1	1
Serbia	Srbsko	Evropa	2004	1	2
Serbia	Srbsko	Evropa	2005	2	4
Serbia	Srbsko	Evropa	2006	1	5
Serbia	Srbsko	Evropa	2007	3	8
Serbia	Srbsko	Evropa	2008	2	10
Serbia	Srbsko	Evropa	2009	4	14
Serbia	Srbsko	Evropa	2010	4	18
Serbia	Srbsko	Evropa	2011	2	20
Serbia	Srbsko	Evropa	2012	3	23
Serbia	Srbsko	Evropa	2013	2	25
Serbia	Srbsko	Evropa	2014	3	28
Serbia	Srbsko	Evropa	2015	3	31
Serbia	Srbsko	Evropa	2016	2	33
Serbia	Srbsko	Evropa	2017	1	34
Serbia	Srbsko	Evropa	2018	1	35
Serbia	Srbsko	Evropa	2019	4	39
Serbia	Srbsko	Evropa	2021	4	43
Serbia	Srbsko	Evropa	2022	5	48
Serbia	Srbsko	Evropa	2023	1	49
Serbia	Srbsko	Evropa	2024	1	50
Serbia	Srbsko	Evropa	2025	4	54
Serbia	Srbsko	Evropa	2026	2	56
Sierra Leone	Sierra Leone	Afrika	2006	1	1
Singapore	Singapur	Asie	2001	1	1
Singapore	Singapur	Asie	2009	2	3
Singapore	Singapur	Asie	2016	2	5
Singapore	Singapur	Asie	2021	1	6
Singapore	Singapur	Asie	2023	3	9
Singapore	Singapur	Asie	2024	2	11
Singapore	Singapur	Asie	2025	1	12
Singapore	Singapur	Asie	2026	1	13
Slovak Republic	Slovensko	Evropa	1994	2	2
Slovak Republic	Slovensko	Evropa	1995	1	3
Slovak Republic	Slovensko	Evropa	1996	1	4
Slovak Republic	Slovensko	Evropa	1997	3	7
Slovak Republic	Slovensko	Evropa	1998	2	9
Slovak Republic	Slovensko	Evropa	2000	5	14
Slovak Republic	Slovensko	Evropa	2002	1	15
Slovak Republic	Slovensko	Evropa	2003	5	20
Slovak Republic	Slovensko	Evropa	2004	3	23
Slovak Republic	Slovensko	Evropa	2005	3	26
Slovak Republic	Slovensko	Evropa	2006	3	29
Slovak Republic	Slovensko	Evropa	2007	2	31
Slovak Republic	Slovensko	Evropa	2008	6	37
Slovak Republic	Slovensko	Evropa	2009	8	45
Slovak Republic	Slovensko	Evropa	2010	4	49
Slovak Republic	Slovensko	Evropa	2011	8	57
Slovak Republic	Slovensko	Evropa	2012	8	65
Slovak Republic	Slovensko	Evropa	2013	8	73
Slovak Republic	Slovensko	Evropa	2014	7	80
Slovak Republic	Slovensko	Evropa	2015	8	88
Slovak Republic	Slovensko	Evropa	2016	8	96
Slovak Republic	Slovensko	Evropa	2017	15	111
Slovak Republic	Slovensko	Evropa	2018	8	119
Slovak Republic	Slovensko	Evropa	2019	10	129
Slovak Republic	Slovensko	Evropa	2021	11	140
Slovak Republic	Slovensko	Evropa	2022	2	142
Slovak Republic	Slovensko	Evropa	2023	10	152
Slovak Republic	Slovensko	Evropa	2024	13	165
Slovak Republic	Slovensko	Evropa	2025	14	179
Slovak Republic	Slovensko	Evropa	2026	10	189
Slovenia	Slovinsko	Evropa	1994	1	1
Slovenia	Slovinsko	Evropa	1996	2	3
Slovenia	Slovinsko	Evropa	1997	1	4
Slovenia	Slovinsko	Evropa	1999	1	5
Slovenia	Slovinsko	Evropa	2000	2	7
Slovenia	Slovinsko	Evropa	2001	3	10
Slovenia	Slovinsko	Evropa	2002	3	13
Slovenia	Slovinsko	Evropa	2003	1	14
Slovenia	Slovinsko	Evropa	2004	2	16
Slovenia	Slovinsko	Evropa	2005	3	19
Slovenia	Slovinsko	Evropa	2006	1	20
Slovenia	Slovinsko	Evropa	2008	4	24
Slovenia	Slovinsko	Evropa	2009	1	25
Slovenia	Slovinsko	Evropa	2010	2	27
Slovenia	Slovinsko	Evropa	2012	2	29
Slovenia	Slovinsko	Evropa	2013	3	32
Slovenia	Slovinsko	Evropa	2014	3	35
Slovenia	Slovinsko	Evropa	2015	4	39
Slovenia	Slovinsko	Evropa	2016	3	42
Slovenia	Slovinsko	Evropa	2017	2	44
Slovenia	Slovinsko	Evropa	2018	2	46
Slovenia	Slovinsko	Evropa	2019	2	48
Slovenia	Slovinsko	Evropa	2021	4	52
Slovenia	Slovinsko	Evropa	2022	1	53
Slovenia	Slovinsko	Evropa	2024	1	54
Slovenia	Slovinsko	Evropa	2025	5	59
Slovenia	Slovinsko	Evropa	2026	3	62
Somalia	Somalia	Afrika	2024	1	1
South Africa	South Africa	Afrika	2005	2	2
South Africa	South Africa	Afrika	2006	3	5
South Africa	South Africa	Afrika	2007	1	6
South Africa	South Africa	Afrika	2008	1	7
South Africa	South Africa	Afrika	2012	1	8
South Africa	South Africa	Afrika	2013	1	9
South Africa	South Africa	Afrika	2023	2	11
South Korea	Jižní Korea	Asie	1992	1	1
South Korea	Jižní Korea	Asie	1995	1	2
South Korea	Jižní Korea	Asie	1997	1	3
South Korea	Jižní Korea	Asie	1998	2	5
South Korea	Jižní Korea	Asie	1999	1	6
South Korea	Jižní Korea	Asie	2000	6	12
South Korea	Jižní Korea	Asie	2001	29	41
South Korea	Jižní Korea	Asie	2002	11	52
South Korea	Jižní Korea	Asie	2003	4	56
South Korea	Jižní Korea	Asie	2004	6	62
South Korea	Jižní Korea	Asie	2005	4	66
South Korea	Jižní Korea	Asie	2006	6	72
South Korea	Jižní Korea	Asie	2007	6	78
South Korea	Jižní Korea	Asie	2008	3	81
South Korea	Jižní Korea	Asie	2009	7	88
South Korea	Jižní Korea	Asie	2010	3	91
South Korea	Jižní Korea	Asie	2011	3	94
South Korea	Jižní Korea	Asie	2012	2	96
South Korea	Jižní Korea	Asie	2013	4	100
South Korea	Jižní Korea	Asie	2014	3	103
South Korea	Jižní Korea	Asie	2015	6	109
South Korea	Jižní Korea	Asie	2016	3	112
South Korea	Jižní Korea	Asie	2017	2	114
South Korea	Jižní Korea	Asie	2018	2	116
South Korea	Jižní Korea	Asie	2019	1	117
South Korea	Jižní Korea	Asie	2021	3	120
South Korea	Jižní Korea	Asie	2022	1	121
South Korea	Jižní Korea	Asie	2023	4	125
South Korea	Jižní Korea	Asie	2024	4	129
South Korea	Jižní Korea	Asie	2025	1	130
South Korea	Jižní Korea	Asie	2026	2	132
Spain	Španělsko	Evropa	1992	1	1
Spain	Španělsko	Evropa	1994	11	12
Spain	Španělsko	Evropa	1996	3	15
Spain	Španělsko	Evropa	1997	7	22
Spain	Španělsko	Evropa	1998	13	35
Spain	Španělsko	Evropa	1999	1	36
Spain	Španělsko	Evropa	2000	6	42
Spain	Španělsko	Evropa	2001	15	57
Spain	Španělsko	Evropa	2002	13	70
Spain	Španělsko	Evropa	2003	9	79
Spain	Španělsko	Evropa	2004	12	91
Spain	Španělsko	Evropa	2005	11	102
Spain	Španělsko	Evropa	2006	13	115
Spain	Španělsko	Evropa	2007	8	123
Spain	Španělsko	Evropa	2008	9	132
Spain	Španělsko	Evropa	2009	14	146
Spain	Španělsko	Evropa	2010	9	155
Spain	Španělsko	Evropa	2011	9	164
Spain	Španělsko	Evropa	2012	11	175
Spain	Španělsko	Evropa	2013	5	180
Spain	Španělsko	Evropa	2014	7	187
Spain	Španělsko	Evropa	2015	2	189
Spain	Španělsko	Evropa	2016	6	195
Spain	Španělsko	Evropa	2017	7	202
Spain	Španělsko	Evropa	2018	5	207
Spain	Španělsko	Evropa	2019	5	212
Spain	Španělsko	Evropa	2021	3	215
Spain	Španělsko	Evropa	2022	6	221
Spain	Španělsko	Evropa	2023	5	226
Spain	Španělsko	Evropa	2024	6	232
Spain	Španělsko	Evropa	2025	9	241
Spain	Španělsko	Evropa	2026	13	254
Sri Lanka	Srí Lanka	Asie	1996	1	1
Sri Lanka	Srí Lanka	Asie	2021	1	2
Sudan	Sudan	Afrika	2022	1	1
Sudan	Sudan	Afrika	2023	1	2
Sweden	Švédsko	Evropa	1995	4	4
Sweden	Švédsko	Evropa	1996	1	5
Sweden	Švédsko	Evropa	1997	1	6
Sweden	Švédsko	Evropa	1998	2	8
Sweden	Švédsko	Evropa	1999	1	9
Sweden	Švédsko	Evropa	2000	6	15
Sweden	Švédsko	Evropa	2001	5	20
Sweden	Švédsko	Evropa	2002	6	26
Sweden	Švédsko	Evropa	2003	7	33
Sweden	Švédsko	Evropa	2004	5	38
Sweden	Švédsko	Evropa	2005	6	44
Sweden	Švédsko	Evropa	2006	9	53
Sweden	Švédsko	Evropa	2007	2	55
Sweden	Švédsko	Evropa	2008	7	62
Sweden	Švédsko	Evropa	2009	5	67
Sweden	Švédsko	Evropa	2010	9	76
Sweden	Švédsko	Evropa	2011	7	83
Sweden	Švédsko	Evropa	2012	6	89
Sweden	Švédsko	Evropa	2013	6	95
Sweden	Švédsko	Evropa	2014	1	96
Sweden	Švédsko	Evropa	2015	5	101
Sweden	Švédsko	Evropa	2016	6	107
Sweden	Švédsko	Evropa	2017	6	113
Sweden	Švédsko	Evropa	2018	3	116
Sweden	Švédsko	Evropa	2019	8	124
Sweden	Švédsko	Evropa	2021	6	130
Sweden	Švédsko	Evropa	2022	5	135
Sweden	Švédsko	Evropa	2023	7	142
Sweden	Švédsko	Evropa	2024	6	148
Sweden	Švédsko	Evropa	2025	2	150
Sweden	Švédsko	Evropa	2026	3	153
Switzerland	Švýcarsko	Evropa	1994	2	2
Switzerland	Švýcarsko	Evropa	1995	3	5
Switzerland	Švýcarsko	Evropa	1996	3	8
Switzerland	Švýcarsko	Evropa	1997	4	12
Switzerland	Švýcarsko	Evropa	1998	2	14
Switzerland	Švýcarsko	Evropa	1999	1	15
Switzerland	Švýcarsko	Evropa	2000	6	21
Switzerland	Švýcarsko	Evropa	2001	4	25
Switzerland	Švýcarsko	Evropa	2002	5	30
Switzerland	Švýcarsko	Evropa	2003	3	33
Switzerland	Švýcarsko	Evropa	2004	7	40
Switzerland	Švýcarsko	Evropa	2005	3	43
Switzerland	Švýcarsko	Evropa	2006	5	48
Switzerland	Švýcarsko	Evropa	2007	2	50
Switzerland	Švýcarsko	Evropa	2008	4	54
Switzerland	Švýcarsko	Evropa	2009	2	56
Switzerland	Švýcarsko	Evropa	2010	7	63
Switzerland	Švýcarsko	Evropa	2011	3	66
Switzerland	Švýcarsko	Evropa	2012	4	70
Switzerland	Švýcarsko	Evropa	2013	5	75
Switzerland	Švýcarsko	Evropa	2014	4	79
Switzerland	Švýcarsko	Evropa	2015	12	91
Switzerland	Švýcarsko	Evropa	2016	5	96
Switzerland	Švýcarsko	Evropa	2017	5	101
Switzerland	Švýcarsko	Evropa	2018	8	109
Switzerland	Švýcarsko	Evropa	2019	4	113
Switzerland	Švýcarsko	Evropa	2021	3	116
Switzerland	Švýcarsko	Evropa	2022	5	121
Switzerland	Švýcarsko	Evropa	2023	11	132
Switzerland	Švýcarsko	Evropa	2024	4	136
Switzerland	Švýcarsko	Evropa	2025	4	140
Switzerland	Švýcarsko	Evropa	2026	4	144
Syria	Sýrie	Blízký východ	2025	1	1
Taiwan	Tchaj-wan	Asie	1994	1	1
Taiwan	Tchaj-wan	Asie	1995	1	2
Taiwan	Tchaj-wan	Asie	1996	2	4
Taiwan	Tchaj-wan	Asie	1997	2	6
Taiwan	Tchaj-wan	Asie	1998	2	8
Taiwan	Tchaj-wan	Asie	2000	2	10
Taiwan	Tchaj-wan	Asie	2001	2	12
Taiwan	Tchaj-wan	Asie	2002	1	13
Taiwan	Tchaj-wan	Asie	2003	2	15
Taiwan	Tchaj-wan	Asie	2004	1	16
Taiwan	Tchaj-wan	Asie	2005	2	18
Taiwan	Tchaj-wan	Asie	2006	1	19
Taiwan	Tchaj-wan	Asie	2007	1	20
Taiwan	Tchaj-wan	Asie	2008	1	21
Taiwan	Tchaj-wan	Asie	2009	1	22
Taiwan	Tchaj-wan	Asie	2010	2	24
Taiwan	Tchaj-wan	Asie	2014	2	26
Taiwan	Tchaj-wan	Asie	2016	2	28
Taiwan	Tchaj-wan	Asie	2019	1	29
Taiwan	Tchaj-wan	Asie	2021	2	31
Taiwan	Tchaj-wan	Asie	2022	2	33
Taiwan	Tchaj-wan	Asie	2023	1	34
Taiwan	Tchaj-wan	Asie	2024	4	38
Taiwan	Tchaj-wan	Asie	2025	1	39
Tajikistan	Tádžikistán	Asie	1995	1	1
Tajikistan	Tádžikistán	Asie	1999	1	2
Tanzania	Tanzania	Afrika	2014	1	1
Thailand	Thajsko	Asie	1998	2	2
Thailand	Thajsko	Asie	2000	2	4
Thailand	Thajsko	Asie	2001	1	5
Thailand	Thajsko	Asie	2004	1	6
Thailand	Thajsko	Asie	2006	4	10
Thailand	Thajsko	Asie	2009	1	11
Thailand	Thajsko	Asie	2010	1	12
Thailand	Thajsko	Asie	2011	1	13
Thailand	Thajsko	Asie	2013	2	15
Thailand	Thajsko	Asie	2016	1	16
Thailand	Thajsko	Asie	2021	3	19
Thailand	Thajsko	Asie	2022	1	20
Thailand	Thajsko	Asie	2025	1	21
Tunisia	Tunisia	Afrika	1997	1	1
Tunisia	Tunisia	Afrika	1998	1	2
Tunisia	Tunisia	Afrika	2002	1	3
Tunisia	Tunisia	Afrika	2003	1	4
Tunisia	Tunisia	Afrika	2009	1	5
Tunisia	Tunisia	Afrika	2016	1	6
Tunisia	Tunisia	Afrika	2017	1	7
Tunisia	Tunisia	Afrika	2018	1	8
Tunisia	Tunisia	Afrika	2019	1	9
Tunisia	Tunisia	Afrika	2022	3	12
Tunisia	Tunisia	Afrika	2024	1	13
Tunisia	Tunisia	Afrika	2025	1	14
Turkey	Turecko	Blízký východ	1992	1	1
Turkey	Turecko	Blízký východ	1998	1	2
Turkey	Turecko	Blízký východ	1999	1	3
Turkey	Turecko	Blízký východ	2003	2	5
Turkey	Turecko	Blízký východ	2004	11	16
Turkey	Turecko	Blízký východ	2005	2	18
Turkey	Turecko	Blízký východ	2006	1	19
Turkey	Turecko	Blízký východ	2007	3	22
Turkey	Turecko	Blízký východ	2008	1	23
Turkey	Turecko	Blízký východ	2009	2	25
Turkey	Turecko	Blízký východ	2010	2	27
Turkey	Turecko	Blízký východ	2011	2	29
Turkey	Turecko	Blízký východ	2012	7	36
Turkey	Turecko	Blízký východ	2013	5	41
Turkey	Turecko	Blízký východ	2014	2	43
Turkey	Turecko	Blízký východ	2015	3	46
Turkey	Turecko	Blízký východ	2016	4	50
Turkey	Turecko	Blízký východ	2017	3	53
Turkey	Turecko	Blízký východ	2018	2	55
Turkey	Turecko	Blízký východ	2019	2	57
Turkey	Turecko	Blízký východ	2021	4	61
Turkey	Turecko	Blízký východ	2022	1	62
Turkey	Turecko	Blízký východ	2023	2	64
Turkey	Turecko	Blízký východ	2024	3	67
Turkey	Turecko	Blízký východ	2025	2	69
Turkey	Turecko	Blízký východ	2026	1	70
Turkmenistan	Turkmenistán	Asie	1997	1	1
Turkmenistan	Turkmenistán	Asie	1998	1	2
USA	USA	Amerika (Severní)	1994	14	14
USA	USA	Amerika (Severní)	1995	34	48
USA	USA	Amerika (Severní)	1996	39	87
USA	USA	Amerika (Severní)	1997	58	145
USA	USA	Amerika (Severní)	1998	52	197
USA	USA	Amerika (Severní)	1999	11	208
USA	USA	Amerika (Severní)	2000	34	242
USA	USA	Amerika (Severní)	2001	38	280
USA	USA	Amerika (Severní)	2002	36	316
USA	USA	Amerika (Severní)	2003	34	350
USA	USA	Amerika (Severní)	2004	37	387
USA	USA	Amerika (Severní)	2005	47	434
USA	USA	Amerika (Severní)	2006	61	495
USA	USA	Amerika (Severní)	2007	35	530
USA	USA	Amerika (Severní)	2008	40	570
USA	USA	Amerika (Severní)	2009	32	602
USA	USA	Amerika (Severní)	2010	22	624
USA	USA	Amerika (Severní)	2011	37	661
USA	USA	Amerika (Severní)	2012	20	681
USA	USA	Amerika (Severní)	2013	40	721
USA	USA	Amerika (Severní)	2014	27	748
USA	USA	Amerika (Severní)	2015	26	774
USA	USA	Amerika (Severní)	2016	31	805
USA	USA	Amerika (Severní)	2017	27	832
USA	USA	Amerika (Severní)	2018	60	892
USA	USA	Amerika (Severní)	2019	33	925
USA	USA	Amerika (Severní)	2021	20	945
USA	USA	Amerika (Severní)	2022	37	982
USA	USA	Amerika (Severní)	2023	18	1000
USA	USA	Amerika (Severní)	2024	38	1038
USA	USA	Amerika (Severní)	2025	39	1077
USA	USA	Amerika (Severní)	2026	29	1106
USSR	Sovětský svaz	Evropa	1995	1	1
USSR	Sovětský svaz	Evropa	1999	7	8
USSR	Sovětský svaz	Evropa	2005	4	12
USSR	Sovětský svaz	Evropa	2013	2	14
USSR	Sovětský svaz	Evropa	2014	2	16
USSR	Sovětský svaz	Evropa	2015	6	22
USSR	Sovětský svaz	Evropa	2017	1	23
USSR	Sovětský svaz	Evropa	2018	1	24
USSR	Sovětský svaz	Evropa	2019	1	25
Uganda	Uganda	Afrika	2008	1	1
Ukraine	Ukrajina	Evropa	1997	2	2
Ukraine	Ukrajina	Evropa	1998	5	7
Ukraine	Ukrajina	Evropa	2000	2	9
Ukraine	Ukrajina	Evropa	2001	1	10
Ukraine	Ukrajina	Evropa	2002	3	13
Ukraine	Ukrajina	Evropa	2005	2	15
Ukraine	Ukrajina	Evropa	2007	1	16
Ukraine	Ukrajina	Evropa	2008	1	17
Ukraine	Ukrajina	Evropa	2009	1	18
Ukraine	Ukrajina	Evropa	2010	1	19
Ukraine	Ukrajina	Evropa	2012	1	20
Ukraine	Ukrajina	Evropa	2013	1	21
Ukraine	Ukrajina	Evropa	2014	3	24
Ukraine	Ukrajina	Evropa	2015	2	26
Ukraine	Ukrajina	Evropa	2016	1	27
Ukraine	Ukrajina	Evropa	2017	2	29
Ukraine	Ukrajina	Evropa	2018	3	32
Ukraine	Ukrajina	Evropa	2019	2	34
Ukraine	Ukrajina	Evropa	2021	4	38
Ukraine	Ukrajina	Evropa	2022	4	42
Ukraine	Ukrajina	Evropa	2023	2	44
Ukraine	Ukrajina	Evropa	2024	2	46
Ukraine	Ukrajina	Evropa	2025	4	50
Ukraine	Ukrajina	Evropa	2026	1	51
United Arab Emirates	Spojené arabské emiráty	Blízký východ	2010	1	1
United Arab Emirates	Spojené arabské emiráty	Blízký východ	2011	1	2
United Arab Emirates	Spojené arabské emiráty	Blízký východ	2015	3	5
United Arab Emirates	Spojené arabské emiráty	Blízký východ	2016	2	7
United Arab Emirates	Spojené arabské emiráty	Blízký východ	2017	1	8
United Arab Emirates	Spojené arabské emiráty	Blízký východ	2018	1	9
United Kingdom	Spojené království	Evropa	1994	12	12
United Kingdom	Spojené království	Evropa	1995	13	25
United Kingdom	Spojené království	Evropa	1996	7	32
United Kingdom	Spojené království	Evropa	1997	12	44
United Kingdom	Spojené království	Evropa	1998	13	57
United Kingdom	Spojené království	Evropa	1999	6	63
United Kingdom	Spojené království	Evropa	2000	11	74
United Kingdom	Spojené království	Evropa	2001	15	89
United Kingdom	Spojené království	Evropa	2002	24	113
United Kingdom	Spojené království	Evropa	2003	22	135
United Kingdom	Spojené království	Evropa	2004	13	148
United Kingdom	Spojené království	Evropa	2005	24	172
United Kingdom	Spojené království	Evropa	2006	30	202
United Kingdom	Spojené království	Evropa	2007	20	222
United Kingdom	Spojené království	Evropa	2008	32	254
United Kingdom	Spojené království	Evropa	2009	14	268
United Kingdom	Spojené království	Evropa	2010	17	285
United Kingdom	Spojené království	Evropa	2011	16	301
United Kingdom	Spojené království	Evropa	2012	20	321
United Kingdom	Spojené království	Evropa	2013	14	335
United Kingdom	Spojené království	Evropa	2014	39	374
United Kingdom	Spojené království	Evropa	2015	16	390
United Kingdom	Spojené království	Evropa	2016	11	401
United Kingdom	Spojené království	Evropa	2017	17	418
United Kingdom	Spojené království	Evropa	2018	15	433
United Kingdom	Spojené království	Evropa	2019	11	444
United Kingdom	Spojené království	Evropa	2021	11	455
United Kingdom	Spojené království	Evropa	2022	14	469
United Kingdom	Spojené království	Evropa	2023	10	479
United Kingdom	Spojené království	Evropa	2024	14	493
United Kingdom	Spojené království	Evropa	2025	14	507
United Kingdom	Spojené království	Evropa	2026	21	528
Uruguay	Uruguay	Amerika (Jižní)	2001	1	1
Uruguay	Uruguay	Amerika (Jižní)	2002	1	2
Uruguay	Uruguay	Amerika (Jižní)	2004	1	3
Uruguay	Uruguay	Amerika (Jižní)	2006	1	4
Uruguay	Uruguay	Amerika (Jižní)	2009	2	6
Uruguay	Uruguay	Amerika (Jižní)	2010	1	7
Uruguay	Uruguay	Amerika (Jižní)	2012	1	8
Uruguay	Uruguay	Amerika (Jižní)	2014	1	9
Uruguay	Uruguay	Amerika (Jižní)	2015	1	10
Uruguay	Uruguay	Amerika (Jižní)	2016	1	11
Uruguay	Uruguay	Amerika (Jižní)	2018	1	12
Uruguay	Uruguay	Amerika (Jižní)	2019	2	14
Uruguay	Uruguay	Amerika (Jižní)	2021	1	15
Uruguay	Uruguay	Amerika (Jižní)	2022	1	16
Uruguay	Uruguay	Amerika (Jižní)	2026	1	17
Uzbekistan	Uzbekistán	Asie	2000	2	2
Uzbekistan	Uzbekistán	Asie	2001	1	3
Uzbekistan	Uzbekistán	Asie	2003	1	4
Uzbekistan	Uzbekistán	Asie	2007	1	5
Venezuela	Venezuela	Amerika (Jižní)	1996	1	1
Venezuela	Venezuela	Amerika (Jižní)	2008	1	2
Venezuela	Venezuela	Amerika (Jižní)	2015	1	3
Venezuela	Venezuela	Amerika (Jižní)	2017	1	4
Vietnam	Vietnam	Asie	1994	1	1
Vietnam	Vietnam	Asie	1996	1	2
Vietnam	Vietnam	Asie	1999	1	3
Vietnam	Vietnam	Asie	2001	2	5
Vietnam	Vietnam	Asie	2021	1	6
Vietnam	Vietnam	Asie	2023	1	7
Vietnam	Vietnam	Asie	2024	1	8
Yemen	Jemen	Blízký východ	2026	1	1
Yugoslavia	Jugoslávie	Evropa	1994	2	2
Yugoslavia	Jugoslávie	Evropa	1995	1	3
Yugoslavia	Jugoslávie	Evropa	1996	6	9
Yugoslavia	Jugoslávie	Evropa	1998	1	10
Yugoslavia	Jugoslávie	Evropa	1999	14	24
Yugoslavia	Jugoslávie	Evropa	2000	2	26
Yugoslavia	Jugoslávie	Evropa	2001	1	27
Yugoslavia	Jugoslávie	Evropa	2002	1	28
Yugoslavia	Jugoslávie	Evropa	2017	1	29
Zambia	Zambia	Afrika	2024	1	1
Zimbabwe	Zimbabwe	Afrika	2000	2	2
